cedula,nombres,apellido,email,cantidad,direccion,activo
12459406,Zerk,Skouling,zskouling0@slate.com,15,622 Service Court,si
31118705,Katleen,Josephsen,kjosephsen1@jalbum.net,5,8799 Old Shore Avenue,no
38026189,Sherry,Sendall,ssendall2@goo.gl,10,5 Morningstar Terrace,no
96001435,Jaime,Jeromson,jjeromson3@etsy.com,8,72 Dexter Road,no
55090474,August,Blenkharn,ablenkharn4@flavors.me,19,853 Independence Point,no
26047512,Phineas,Cavet,pcavet5@eepurl.com,4,85772 Miller Alley,no
45328656,Kerwinn,Nevill,knevill6@google.co.jp,5,247 Anniversary Court,si
99534139,Jillian,Fancet,jfancet7@a8.net,8,2008 Schurz Lane,no
60175638,Sallee,Tesoe,stesoe8@geocities.jp,6,77034 Graceland Avenue,no
28162752,Ivory,Ahrendsen,iahrendsen9@cdc.gov,12,97688 Clemons Drive,si
33350265,Jessey,Prestner,jprestnera@census.gov,18,10 Jenifer Junction,no
15852497,Glenn,Smorthwaite,gsmorthwaiteb@4shared.com,20,5927 Stone Corner Center,si
59989837,Millisent,Rackstraw,mrackstrawc@wsj.com,14,8 Bobwhite Avenue,si
51410129,Simeon,Light,slightd@marketwatch.com,7,3989 Morningstar Place,si
2719086,Wallache,Cockshutt,wcockshutte@discuz.net,8,18 Troy Junction,no
87479934,Stu,Cawker,scawkerf@addthis.com,7,492 Corscot Plaza,no
26494423,Verina,Stanes,vstanesg@china.com.cn,5,96 Shelley Crossing,no
92860564,Hew,Perrington,hperringtonh@skype.com,6,25741 Judy Pass,si
45097625,Veronique,Demcak,vdemcaki@gizmodo.com,12,0294 Duke Pass,no
19005030,Hayyim,Oliver-Paull,holiverpaullj@army.mil,18,1 Corben Place,si
20987492,Ritchie,Saltman,rsaltmank@soundcloud.com,1,37313 Debra Alley,si
81520481,Magdaia,Keal,mkeall@macromedia.com,10,9 Westport Alley,si
14884924,Vilma,Lempke,vlempkem@exblog.jp,3,90355 Columbus Plaza,si
74734263,Viki,Kissell,vkisselln@blogs.com,4,34101 Shoshone Point,si
49376821,Rocky,Hasluck,rhaslucko@liveinternet.ru,7,469 Russell Lane,si
10109295,Todd,MacHarg,tmachargp@feedburner.com,12,94 Dorton Way,si
44365364,Kennett,Sam,ksamq@surveymonkey.com,15,9754 Bonner Street,no
34723844,Grazia,Bremond,gbremondr@sun.com,12,52 Autumn Leaf Road,si
80782645,Cymbre,Gwillyam,cgwillyams@sbwire.com,12,64846 Merry Circle,si
62722132,Bartlet,Ginni,bginnit@nih.gov,13,1 Stone Corner Plaza,no
71311235,Thaxter,Buckingham,tbuckinghamu@rediff.com,14,7296 Briar Crest Place,no
73976862,Britt,Joire,bjoirev@uol.com.br,20,9 Buell Pass,no
38779815,Herman,Fowgies,hfowgiesw@mashable.com,13,764 Grasskamp Terrace,no
30400745,Martha,Soppett,msoppettx@latimes.com,5,567 Mayfield Place,si
35136906,Charlene,Rosgen,crosgeny@123-reg.co.uk,18,74 Northfield Drive,no
28183479,Jazmin,Shilton,jshiltonz@infoseek.co.jp,3,1 1st Center,no
93511054,Arri,Scorey,ascorey10@comsenz.com,16,7 Melrose Plaza,si
76532167,Salli,Wivell,swivell11@blinklist.com,19,98527 Debra Park,no
72387445,Bernard,Frayne,bfrayne12@mediafire.com,16,010 Cambridge Court,no
78982443,Noby,Dennitts,ndennitts13@symantec.com,7,6133 Stang Crossing,no
63820251,Antonella,Smooth,asmooth14@nymag.com,13,3913 Marcy Plaza,si
11891532,Emanuele,Tregoning,etregoning15@google.co.jp,1,90 Center Hill,no
63118912,Harrietta,Goodchild,hgoodchild16@angelfire.com,3,029 Clyde Gallagher Drive,no
17247428,Derek,Baise,dbaise17@google.ca,20,61153 Ilene Plaza,no
34190655,Edgard,Ruddiforth,eruddiforth18@businessweek.com,1,6 Summerview Avenue,si
16601103,Galven,Hamor,ghamor19@cnn.com,19,845 Tony Crossing,no
62135905,Natividad,Dounbare,ndounbare1a@imgur.com,3,6 Loftsgordon Hill,si
670181,Stavro,Hudghton,shudghton1b@paypal.com,17,8599 Farragut Court,no
97318907,Vlad,Pittham,vpittham1c@fc2.com,20,9051 Ryan Place,no
66238124,Darsie,Cardus,dcardus1d@archive.org,10,4 Sommers Place,no
95519306,Darsie,Greenhall,dgreenhall1e@twitter.com,7,9 Killdeer Crossing,no
51945743,Randie,Petcher,rpetcher1f@artisteer.com,12,93 Harbort Terrace,si
36926045,Abbott,Vero,avero1g@stumbleupon.com,3,7 Dakota Drive,si
45053421,Novelia,Puleston,npuleston1h@indiegogo.com,12,324 Graedel Drive,no
4746851,Levon,Edmonson,ledmonson1i@scribd.com,14,533 Crownhardt Way,no
14115061,Emogene,Spinige,espinige1j@sina.com.cn,10,6672 Erie Avenue,si
78115731,Ariela,Janowicz,ajanowicz1k@cocolog-nifty.com,1,921 Everett Place,no
29556674,Harvey,Beacroft,hbeacroft1l@gnu.org,5,842 Susan Point,no
58386891,Dolli,Tummasutti,dtummasutti1m@uol.com.br,19,45524 Marquette Lane,no
83806952,Derrik,Samper,dsamper1n@arstechnica.com,7,80190 Rowland Avenue,no
82335756,Adelheid,Bonanno,abonanno1o@opensource.org,3,54 Hoffman Court,si
57139463,Susanetta,Ilyasov,silyasov1p@netscape.com,1,4608 Oak Avenue,no
21752406,Cullie,Jensen,cjensen1q@time.com,2,3445 Duke Park,no
4419037,Marieann,Eefting,meefting1r@instagram.com,11,27949 Main Circle,si
99847881,Karlan,Sollner,ksollner1s@cnbc.com,12,50 Saint Paul Terrace,si
69905669,Maximo,Sarvar,msarvar1t@google.com,20,489 Roxbury Point,no
92745607,Katheryn,Skaif,kskaif1u@phoca.cz,6,7372 Crest Line Trail,no
65820570,Malvin,Whayman,mwhayman1v@guardian.co.uk,4,57810 Hayes Lane,no
35435023,Blanche,Tunnick,btunnick1w@kickstarter.com,1,466 Trailsway Pass,no
53830060,Fin,Buer,fbuer1x@youku.com,13,071 Vera Place,si
78499141,Therine,Dowle,tdowle1y@lulu.com,12,2 Hansons Lane,no
99029671,Pyotr,Gabb,pgabb1z@webnode.com,5,6929 Gerald Way,no
42763893,Sandye,Fenlon,sfenlon20@lulu.com,9,86 East Hill,si
94024644,Anna-diane,Clues,aclues21@i2i.jp,15,904 Eggendart Circle,no
17868140,Yankee,Ellick,yellick22@who.int,10,7547 Beilfuss Lane,si
27560223,Bari,Forman,bforman23@paginegialle.it,17,59390 Melvin Center,si
79777761,Marabel,Rackam,mrackam24@scribd.com,2,81307 Rowland Junction,si
83046611,Crysta,Morteo,cmorteo25@naver.com,20,2356 Brentwood Street,si
65055934,Trumaine,Ingerith,tingerith26@google.fr,7,349 Carey Way,si
8898838,Gamaliel,Lennox,glennox27@netvibes.com,17,7 Eastwood Court,no
80281031,Fayth,Stormonth,fstormonth28@com.com,3,452 Anderson Drive,no
19716559,Raff,Creamen,rcreamen29@quantcast.com,12,5 Rockefeller Way,no
14929296,Anestassia,Diggles,adiggles2a@disqus.com,6,414 Artisan Center,no
65731253,Lemar,MacRinn,lmacrinn2b@mozilla.com,6,72 Onsgard Avenue,no
19288725,Bennie,Bunny,bbunny2c@mapquest.com,8,4546 Nova Terrace,si
17540993,Garry,Zecchetti,gzecchetti2d@vimeo.com,4,66 Monica Road,si
26908099,Chandler,Brockie,cbrockie2e@booking.com,7,4 Elmside Street,si
80494365,Nataniel,Rosentholer,nrosentholer2f@businessinsider.com,1,0 Monument Trail,si
10467447,Lia,Schruurs,lschruurs2g@discuz.net,1,81520 Ridge Oak Terrace,no
84748780,Robinia,Camble,rcamble2h@people.com.cn,11,1912 Homewood Lane,no
2327964,Monroe,Linklater,mlinklater2i@fema.gov,16,797 Columbus Way,no
20292685,Ailina,DeSousa,adesousa2j@w3.org,7,1 Rigney Hill,no
20212797,Misty,Dursley,mdursley2k@google.com.br,19,5112 Ridgeview Parkway,si
15103200,Elise,Sandell,esandell2l@nifty.com,17,73 Melody Avenue,si
32194773,Francois,Labrenz,flabrenz2m@amazon.com,3,71741 Fremont Avenue,si
33590461,Janie,Allmen,jallmen2n@chron.com,1,35 Stoughton Way,no
41637750,Bastian,Paddick,bpaddick2o@exblog.jp,15,98 Gateway Pass,no
50337206,Fremont,Antonignetti,fantonignetti2p@wikipedia.org,4,33 Marquette Drive,si
88720224,Issie,Brownlow,ibrownlow2q@rambler.ru,7,93954 Pierstorff Circle,si
32574315,Mollie,Gonnely,mgonnely2r@wordpress.com,4,74 Sunnyside Pass,no
41802997,Tova,Carloni,tcarloni2s@mapquest.com,1,9929 Pankratz Lane,si
41129042,Angelika,Corington,acorington2t@abc.net.au,1,8 Brickson Park Parkway,si
40368560,Abbye,Hercules,ahercules2u@washingtonpost.com,5,21894 Walton Trail,no
77401072,Gerhard,Threlkeld,gthrelkeld2v@hubpages.com,6,25518 Katie Circle,si
62182238,Karrah,Gummery,kgummery2w@cam.ac.uk,8,62 Schmedeman Pass,si
28071392,Dael,MacGilfoyle,dmacgilfoyle2x@state.gov,9,7 Algoma Park,si
9085880,Cart,Treadgold,ctreadgold2y@washingtonpost.com,5,72606 Sunnyside Hill,si
50135152,Pegeen,Segrave,psegrave2z@blogger.com,6,438 Namekagon Junction,si
51050971,Vinny,Sharp,vsharp30@desdev.cn,14,609 David Pass,si
17158776,Willetta,d' Elboux,wdelboux31@php.net,8,4723 Fieldstone Hill,si
27313669,Atlanta,Gebhardt,agebhardt32@ebay.com,3,24 Meadow Valley Terrace,si
61655107,Guillaume,Doughartie,gdoughartie33@rediff.com,15,5 Trailsway Center,no
98223491,Andi,Packwood,apackwood34@soundcloud.com,16,5743 Farmco Road,si
2660221,Cherrita,Jean,cjean35@guardian.co.uk,3,0855 Hauk Terrace,si
52894881,Lu,Hagger,lhagger36@jimdo.com,18,70588 Crownhardt Place,si
96193361,Marsiella,Enochsson,menochsson37@berkeley.edu,20,4595 Corscot Park,si
661027,Deana,Meehan,dmeehan38@friendfeed.com,13,268 2nd Street,si
88812781,Vincents,Bocking,vbocking39@slashdot.org,15,760 Grayhawk Junction,no
19640416,Tammie,Longbone,tlongbone3a@newsvine.com,2,626 Manitowish Avenue,no
48528838,Kean,Bandt,kbandt3b@livejournal.com,14,87 Lien Street,no
51983541,Alleyn,Hewkin,ahewkin3c@marketwatch.com,12,6986 Duke Terrace,no
93705031,Horacio,Pidduck,hpidduck3d@imgur.com,10,5301 Monica Terrace,no
90511356,Elfrida,Chessor,echessor3e@yahoo.co.jp,11,4 7th Parkway,si
3707760,Jeramey,Blaase,jblaase3f@gravatar.com,16,03 Butterfield Court,si
20936019,Raffarty,VanBrugh,rvanbrugh3g@123-reg.co.uk,1,2 Fordem Road,si
97958682,Guido,Outlaw,goutlaw3h@sogou.com,2,22176 Jenna Circle,si
59389765,Jacinta,Starrs,jstarrs3i@va.gov,17,605 Valley Edge Alley,si
24625749,Florinda,Bussel,fbussel3j@cisco.com,7,0792 Buena Vista Road,no
82398114,Tybi,Kennelly,tkennelly3k@marriott.com,4,875 Hagan Crossing,si
95888189,Webster,Tree,wtree3l@google.de,3,6 Forest Dale Center,no
60933948,Roch,Gainfort,rgainfort3m@blogspot.com,5,892 Grim Trail,si
27492434,Lyndsie,Trathan,ltrathan3n@addtoany.com,8,5 Oak Circle,si
9061624,Parry,Wager,pwager3o@clickbank.net,12,23 Granby Crossing,si
84729898,Penelope,Dundredge,pdundredge3p@zdnet.com,15,05329 Redwing Road,no
93607157,Krishnah,Boerder,kboerder3q@slate.com,19,85665 Columbus Road,no
19876017,Carlo,Bembridge,cbembridge3r@uol.com.br,14,0551 Claremont Road,si
61631803,Madelin,Tear,mtear3s@unesco.org,13,13016 American Avenue,si
50580807,Lucita,Sandell,lsandell3t@sina.com.cn,18,4 Springs Court,no
63258060,Boigie,Starrs,bstarrs3u@archive.org,15,02022 Del Sol Trail,no
3041223,Jackqueline,Caroli,jcaroli3v@nymag.com,14,65 Dwight Court,no
68799403,Minna,Footer,mfooter3w@slideshare.net,3,0 Bunker Hill Avenue,si
53700031,Hamlin,Verbeke,hverbeke3x@amazon.com,20,3354 Carioca Pass,no
93039195,Candra,Paxforde,cpaxforde3y@si.edu,9,65 Helena Lane,no
43560320,Desi,Booi,dbooi3z@aboutads.info,17,5 5th Circle,no
32574511,Kacie,Coates,kcoates40@ycombinator.com,1,29310 Dwight Way,no
36392391,Garnet,Stonard,gstonard41@ask.com,19,3 Spaight Park,no
44292457,Duffie,Hyatt,dhyatt42@globo.com,5,9670 High Crossing Trail,no
81333519,Wally,Elen,welen43@senate.gov,14,722 Rockefeller Lane,si
26626222,Cathee,Hinnerk,chinnerk44@prnewswire.com,10,91 Mallory Hill,si
39308954,Antoine,Joron,ajoron45@utexas.edu,17,547 Maple Park,no
75850825,Pansy,Hassen,phassen46@hatena.ne.jp,17,45 Derek Avenue,si
80194373,Imelda,Bullar,ibullar47@cisco.com,2,277 Mesta Point,no
72543494,Morgan,Gillum,mgillum48@smugmug.com,13,8240 Carioca Trail,si
11461646,Adey,Watsam,awatsam49@nyu.edu,3,7 International Road,no
12137364,Tiffany,Fricke,tfricke4a@tumblr.com,5,9678 Summer Ridge Terrace,si
42661989,Bran,Scrivinor,bscrivinor4b@e-recht24.de,17,9 Briar Crest Junction,no
5899285,Courtenay,Smedmoor,csmedmoor4c@goodreads.com,6,1 Chinook Road,no
59681811,Barrett,Filipchikov,bfilipchikov4d@dell.com,11,56 Dapin Hill,no
73865175,Marcelle,Mattiassi,mmattiassi4e@ebay.co.uk,14,6444 Debra Terrace,no
94965303,Eleanora,Rumsey,erumsey4f@state.gov,15,8029 Packers Court,no
53655878,Wrennie,Pook,wpook4g@smh.com.au,3,0851 Westport Road,si
88844863,Joyann,Gurling,jgurling4h@example.com,10,90 East Place,si
50959696,Bran,Ixor,bixor4i@biblegateway.com,7,641 Fordem Point,si
15683147,Jaclyn,Goldes,jgoldes4j@ftc.gov,4,9898 Heath Lane,si
75828970,Wilhelmine,Newe,wnewe4k@ow.ly,9,61 Katie Park,si
5302265,Tailor,Breeder,tbreeder4l@statcounter.com,16,0 Grasskamp Alley,si
30609901,Cori,Lynthal,clynthal4m@wikispaces.com,8,6 Blaine Crossing,no
90307972,Glenn,Smalman,gsmalman4n@hugedomains.com,14,8136 Ohio Trail,si
65350627,Anett,Mealand,amealand4o@twitter.com,16,50 Summerview Circle,si
34337677,Lisabeth,Bloom,lbloom4p@newsvine.com,11,75 Northport Alley,no
41122511,Neil,Lansdown,nlansdown4q@kickstarter.com,6,2 Eagan Pass,si
75773929,Charyl,Tooke,ctooke4r@army.mil,2,585 Sunbrook Way,no
11198380,Perrine,Gook,pgook4s@patch.com,1,9730 Magdeline Way,no
95776890,Marsh,Yeell,myeell4t@mit.edu,4,69944 Reindahl Park,no
53512367,Romeo,McParlin,rmcparlin4u@ibm.com,2,999 Artisan Alley,no
69522108,Chase,Bittany,cbittany4v@about.me,13,04 Derek Drive,si
73823217,Leeland,Plail,lplail4w@exblog.jp,14,619 Express Street,no
36742183,Dalton,Vaz,dvaz4x@sciencedaily.com,19,6 Browning Court,no
96802980,Shelby,Fewlass,sfewlass4y@ocn.ne.jp,13,40 Gateway Circle,si
4949755,Galina,Clear,gclear4z@msn.com,2,88 Raven Drive,no
41067662,Kaja,Martusewicz,kmartusewicz50@ebay.co.uk,19,7713 Delladonna Hill,si
38700978,Gunther,Armall,garmall51@sciencedaily.com,5,3 Kensington Trail,si
39613239,Robin,Rollo,rrollo52@amazon.com,13,61606 Transport Road,si
95710240,Bronnie,Colegate,bcolegate53@rambler.ru,14,614 Redwing Parkway,no
40795379,Dillie,Chell,dchell54@shop-pro.jp,12,4 Quincy Park,si
56320063,Gardener,Pietrzyk,gpietrzyk55@naver.com,3,31 Fairfield Crossing,no
42689353,Karen,Biss,kbiss56@dot.gov,9,1922 Union Plaza,si
46409005,Shurlocke,Hugland,shugland57@adobe.com,6,02 Bashford Drive,si
51095268,Ed,O' Cloney,eocloney58@feedburner.com,19,5 Prentice Center,si
43755464,Robena,Kornacki,rkornacki59@walmart.com,15,8207 Bayside Terrace,no
66306295,Roger,Sloyan,rsloyan5a@bigcartel.com,9,4811 Moland Park,si
64377669,Jackie,Tailby,jtailby5b@yandex.ru,2,4132 Schmedeman Plaza,no
94511280,Melisa,Standbrooke,mstandbrooke5c@tripod.com,5,3481 Mesta Park,si
35060672,Farah,Mowen,fmowen5d@mashable.com,9,1 Trailsway Alley,si
5369230,Nichole,Gartin,ngartin5e@vinaora.com,13,5 Doe Crossing Plaza,si
87029449,Gaylene,Ruddell,gruddell5f@wikispaces.com,19,43262 Namekagon Junction,si
1706498,Xerxes,Jackson,xjackson5g@hugedomains.com,1,14131 Hansons Park,no
8494334,Gloriana,Canero,gcanero5h@goo.gl,15,4 Grover Crossing,no
19302651,Yorgo,Mundle,ymundle5i@aboutads.info,19,17 Colorado Place,si
37221966,Adrienne,Dorkin,adorkin5j@surveymonkey.com,8,16 Hanover Way,no
74662231,Betteann,Raynton,braynton5k@chron.com,11,444 Pepper Wood Plaza,si
34147564,Evered,Blomfield,eblomfield5l@wikimedia.org,11,626 Cambridge Crossing,si
89003590,Julita,Clancey,jclancey5m@youku.com,15,35 Pine View Parkway,no
2668243,Harwell,Goldis,hgoldis5n@moonfruit.com,13,65528 Rigney Way,no
57233268,Cordie,McCome,cmccome5o@mozilla.org,2,59430 Hagan Road,no
98502565,Claudelle,Finci,cfinci5p@cyberchimps.com,8,073 Pleasure Avenue,si
48912801,Base,Tremellan,btremellan5q@usa.gov,14,86110 Ridge Oak Court,no
65429411,Ellissa,Rosetti,erosetti5r@samsung.com,17,1 Monument Point,si
18792644,Elisabeth,Critch,ecritch5s@skyrock.com,6,4974 Meadow Ridge Point,no
70768756,Clotilda,Holdin,choldin5t@latimes.com,19,630 Brentwood Parkway,no
32377021,Brooks,Lisciandri,blisciandri5u@yahoo.com,13,81 Sheridan Park,si
78820864,Arny,Youll,ayoull5v@army.mil,9,9809 Clyde Gallagher Junction,no
80253390,Ashley,Henrion,ahenrion5w@cnbc.com,19,0982 Gale Lane,no
27751650,Harmonia,Furlonge,hfurlonge5x@pcworld.com,3,9460 Leroy Street,no
79977486,Cesare,Treweela,ctreweela5y@engadget.com,13,0 Fordem Court,si
95608116,Tanhya,MacDuff,tmacduff5z@linkedin.com,16,43 Buhler Crossing,si
63154229,Charlena,Stranieri,cstranieri60@skype.com,13,77 David Park,no
31529954,Jon,Laux,jlaux61@weather.com,11,01503 Jana Avenue,si
94147562,Murial,Benezeit,mbenezeit62@google.co.uk,20,9 Darwin Drive,no
27424833,Arthur,Retallack,aretallack63@meetup.com,2,7466 Northwestern Street,no
37974414,Pet,Stogill,pstogill64@wikipedia.org,3,3827 Village Place,no
92822062,Cristine,Slaight,cslaight65@godaddy.com,11,6 Vahlen Plaza,si
5871488,Lyle,Clappson,lclappson66@t.co,7,48 Chive Court,no
81425191,Ezra,Jillitt,ejillitt67@lycos.com,19,844 Brickson Park Plaza,no
71926947,Quincy,Willows,qwillows68@huffingtonpost.com,17,746 Village Hill,no
7264332,Marketa,Hernik,mhernik69@nature.com,9,1707 American Pass,si
10454779,Carolynn,Lachaize,clachaize6a@ovh.net,2,28436 Comanche Way,no
4980223,Kial,Dougherty,kdougherty6b@jiathis.com,15,2 Ryan Lane,si
91115216,Tallie,Sodeau,tsodeau6c@hp.com,2,6629 Dahle Court,si
4916291,Vania,Draisey,vdraisey6d@hibu.com,8,21 Sunnyside Hill,no
63775608,Marylee,Carefull,mcarefull6e@nbcnews.com,18,6 Kingsford Road,si
18638469,Deane,Pfeffer,dpfeffer6f@google.de,20,76 Cody Avenue,si
95392516,Candy,Papa,cpapa6g@symantec.com,11,5 Sugar Lane,si
9240415,Worth,Murty,wmurty6h@uol.com.br,2,4 Oak Valley Crossing,si
23763135,Adriena,Brunke,abrunke6i@businessweek.com,4,336 Fairfield Drive,si
41996489,Hildegaard,Troman,htroman6j@eepurl.com,17,4 Dottie Park,no
72648843,Phillida,Ogley,pogley6k@wiley.com,18,7753 Dixon Lane,si
69291843,Pauly,Kenewell,pkenewell6l@storify.com,6,7 Calypso Circle,no
20438890,Matteo,Playford,mplayford6m@blogger.com,5,3813 Springs Center,si
3855952,Bard,Cornewall,bcornewall6n@tripadvisor.com,15,65558 Nobel Avenue,no
35296149,Mart,Syversen,msyversen6o@bizjournals.com,18,394 Morning Lane,si
64728648,Clemens,Verlinde,cverlinde6p@icio.us,2,07 Autumn Leaf Crossing,no
29216147,Bentlee,Fermor,bfermor6q@umich.edu,2,1 Claremont Drive,no
69101454,Penn,Leek,pleek6r@ucla.edu,10,387 Graedel Lane,no
54166373,Anetta,Coltherd,acoltherd6s@infoseek.co.jp,11,97 Donald Plaza,si
60473336,Manon,Capper,mcapper6t@fastcompany.com,16,33 Lien Hill,si
15698943,Roslyn,Monaghan,rmonaghan6u@livejournal.com,3,4902 Red Cloud Way,no
75212624,Deena,Pawelek,dpawelek6v@apple.com,19,64561 Algoma Plaza,si
2429115,Daryn,Glowacki,dglowacki6w@storify.com,9,5906 Onsgard Place,no
61889415,Bird,Maciaszek,bmaciaszek6x@amazonaws.com,15,5 Spaight Alley,si
7576544,Cly,Gready,cgready6y@storify.com,20,75608 Meadow Vale Alley,si
18063726,Elladine,Chasmer,echasmer6z@amazon.com,10,634 Daystar Plaza,si
729327,Curr,Menpes,cmenpes70@hexun.com,1,67 Northwestern Way,no
66560438,Alberta,Hartburn,ahartburn71@booking.com,16,567 7th Terrace,no
18999088,Stephen,Martindale,smartindale72@amazon.com,19,0 Barnett Plaza,no
47298900,Morgana,Ensley,mensley73@is.gd,6,86 Lake View Drive,no
97441908,Ive,Pankettman,ipankettman74@issuu.com,18,52981 Pearson Trail,no
26697460,Violetta,Yarrington,vyarrington75@imgur.com,15,826 Algoma Court,no
69831296,Amerigo,Heddan,aheddan76@go.com,10,74 Union Alley,no
81179170,Ferdie,Giffin,fgiffin77@hexun.com,2,02467 Manley Center,no
88614434,Maitilde,Dincey,mdincey78@yahoo.co.jp,3,3 Pankratz Center,si
6275403,Halsy,Jovovic,hjovovic79@dagondesign.com,14,61284 Corscot Hill,si
97224785,Cynde,McCowen,cmccowen7a@walmart.com,7,1 Twin Pines Road,no
40772826,Delmer,Hargroves,dhargroves7b@uol.com.br,6,745 Green Ridge Park,si
20657787,Arman,Cawston,acawston7c@gravatar.com,11,568 Fieldstone Hill,si
44850302,Lilly,Leipold,lleipold7d@intel.com,3,2558 Marcy Crossing,si
62278342,Sherill,Witty,switty7e@gov.uk,3,87 Cordelia Pass,si
9087207,Odette,Embleton,oembleton7f@blogger.com,7,2978 Haas Plaza,si
72782304,Melania,Cottesford,mcottesford7g@opera.com,12,430 Jackson Point,si
25975032,Ryon,Abelevitz,rabelevitz7h@pen.io,2,411 Crest Line Center,no
24206814,Haven,Piddletown,hpiddletown7i@xing.com,5,06018 Vahlen Park,no
40314321,Rodney,Willmore,rwillmore7j@rakuten.co.jp,5,70 Farmco Lane,no
99706066,Roxie,Kynsey,rkynsey7k@shinystat.com,18,98 Swallow Terrace,no
99242939,Colin,Willingam,cwillingam7l@dagondesign.com,5,1913 6th Plaza,si
26647348,Neddy,Knotton,nknotton7m@mit.edu,5,5 Macpherson Street,no
63303268,Salomone,Phillp,sphillp7n@cbslocal.com,14,6 Annamark Place,no
73391472,Codi,Cudd,ccudd7o@mtv.com,6,204 Arizona Park,no
2665857,Saraann,Capitano,scapitano7p@seesaa.net,14,76 Brown Avenue,si
55496982,Meredith,MacPaden,mmacpaden7q@icio.us,12,2 Fisk Road,si
96478374,Charlot,Haizelden,chaizelden7r@a8.net,10,388 Quincy Terrace,no
66417927,Gaby,Hawke,ghawke7s@squidoo.com,9,9 Nova Road,si
94825979,Kassie,Hurle,khurle7t@mac.com,15,61180 Shelley Circle,si
74204313,Sigfried,Assiratti,sassiratti7u@bbb.org,8,947 Stoughton Circle,no
77103435,Traver,Littefair,tlittefair7v@cargocollective.com,12,760 David Parkway,si
53631139,Barbey,Botham,bbotham7w@fda.gov,5,1315 Veith Alley,no
40375748,Otho,Scrimgeour,oscrimgeour7x@parallels.com,13,87 Nancy Terrace,no
72558840,Loree,Goodliffe,lgoodliffe7y@globo.com,2,050 Arapahoe Alley,no
97350370,Josey,Claussen,jclaussen7z@example.com,10,95390 Muir Terrace,no
81445260,Corbet,Tooley,ctooley80@dropbox.com,5,82623 Forest Run Parkway,no
41744724,Ellen,Osgardby,eosgardby81@intel.com,13,70625 Florence Trail,si
28255426,Mordy,Rice,mrice82@xing.com,7,123 Oak Valley Lane,si
30741074,Wallis,Blethin,wblethin83@moonfruit.com,10,84599 Petterle Circle,si
370864,Clarissa,Boays,cboays84@auda.org.au,13,852 Linden Park,si
62658492,Rochester,Dowtry,rdowtry85@europa.eu,11,212 Lerdahl Junction,no
98354028,Biron,Steuart,bsteuart86@blogtalkradio.com,20,4330 Prentice Lane,no
91328598,Evyn,Lyman,elyman87@feedburner.com,12,87461 Blaine Court,si
27485938,Velvet,Ridel,vridel88@blogspot.com,15,98790 Farwell Place,si
43953796,Kelli,Mursell,kmursell89@amazonaws.com,18,19798 Randy Trail,no
80369742,Iain,Harcase,iharcase8a@usa.gov,5,92186 Lunder Junction,no
71034488,Kelly,Soppett,ksoppett8b@abc.net.au,4,672 Green Crossing,no
71612675,Constance,Drexel,cdrexel8c@prweb.com,3,139 John Wall Way,si
90247733,Earlie,Fynan,efynan8d@youtu.be,1,44012 Autumn Leaf Hill,si
8542916,Dory,Hunter,dhunter8e@imageshack.us,13,1 Claremont Junction,no
78255128,Dacy,Kirton,dkirton8f@loc.gov,15,16712 Kennedy Place,no
29592966,Bari,Silversmid,bsilversmid8g@storify.com,16,7 Fulton Center,no
65055200,Gerrie,Jancy,gjancy8h@amazon.co.jp,2,39 Blaine Junction,no
43710907,Carver,Cubin,ccubin8i@army.mil,6,412 Grim Pass,no
52456155,Camella,Strowlger,cstrowlger8j@joomla.org,13,4 6th Way,si
34757166,Maximilianus,Gillett,mgillett8k@nydailynews.com,19,00 Pennsylvania Place,si
52660480,Ayn,Delve,adelve8l@cbslocal.com,12,122 Namekagon Crossing,no
21636652,Lethia,Shimwell,lshimwell8m@alexa.com,3,52 Muir Hill,no
76578606,Cesaro,Bowkley,cbowkley8n@columbia.edu,1,13 Pawling Park,no
77092950,Gareth,Archibould,garchibould8o@marriott.com,13,6 Fremont Trail,no
4432753,Rhody,Carthy,rcarthy8p@newsvine.com,17,6 Del Sol Alley,no
36159938,Penn,Di Franceshci,pdifranceshci8q@51.la,3,88413 Brickson Park Road,si
43729609,Reilly,Stairmand,rstairmand8r@fastcompany.com,13,20 Crest Line Circle,si
32429387,Tabbitha,Killingworth,tkillingworth8s@biglobe.ne.jp,16,0 Waywood Trail,no
75501850,Marcie,Cattanach,mcattanach8t@so-net.ne.jp,6,11 Namekagon Street,no
12379395,Kizzie,Pusill,kpusill8u@deliciousdays.com,1,6 Clove Center,si
28136626,Sindee,Jeal,sjeal8v@state.gov,20,4 Loomis Drive,si
41104010,Darrick,Schinetti,dschinetti8w@illinois.edu,12,56902 Beilfuss Alley,no
19813233,Jobyna,Chantree,jchantree8x@canalblog.com,15,6551 Dixon Crossing,si
20554974,Israel,D' Angelo,idangelo8y@sun.com,18,257 Stoughton Terrace,si
16833183,Rosalynd,Akrigg,rakrigg8z@blogs.com,15,4 Weeping Birch Lane,no
758948,Michal,Lujan,mlujan90@youku.com,20,0296 Dunning Avenue,si
55993469,Patty,Millbank,pmillbank91@baidu.com,8,18346 Victoria Trail,si
99970040,Dode,Hurlston,dhurlston92@uol.com.br,9,2 4th Trail,si
56774877,Sidoney,Valsler,svalsler93@weather.com,7,1369 Westridge Alley,si
93299105,Renaldo,Levens,rlevens94@1688.com,18,5 La Follette Court,si
58831630,Adina,Barbosa,abarbosa95@nature.com,13,47 Vahlen Center,si
11526568,Zelig,Prendeguest,zprendeguest96@opensource.org,15,6701 Colorado Point,no
34709863,Celka,Mapham,cmapham97@g.co,8,907 Park Meadow Parkway,si
16957036,Marie-jeanne,Winn,mwinn98@dropbox.com,13,4 School Park,si
9123906,Ash,Arnaudi,aarnaudi99@census.gov,3,6 Holmberg Center,si
84813239,Willdon,Elsy,welsy9a@ameblo.jp,18,8 Kensington Circle,si
83190696,Giffie,Tyson,gtyson9b@ehow.com,14,93307 Cherokee Pass,si
33620000,Briant,Vaun,bvaun9c@nbcnews.com,20,79 Green Ridge Plaza,si
90013864,Madelyn,Normavell,mnormavell9d@biblegateway.com,17,73286 Trailsway Pass,no
37488710,Corrine,O'Reilly,coreilly9e@google.it,11,43897 Stephen Circle,no
76287115,Gaspard,Brager,gbrager9f@g.co,5,3 Florence Way,si
15292135,Izak,Kettridge,ikettridge9g@drupal.org,1,953 South Trail,si
94670395,Devinne,Orgel,dorgel9h@shutterfly.com,9,536 Summit Hill,no
55371934,Beauregard,Terzi,bterzi9i@shutterfly.com,20,2 West Alley,si
48262000,Pat,Larcher,plarcher9j@g.co,5,8541 Melody Point,no
82090728,Kati,Denisovo,kdenisovo9k@discuz.net,11,57426 Fuller Street,si
72457363,Gretel,Philippou,gphilippou9l@wikispaces.com,1,12 Hayes Court,si
30152644,Libbi,Shakeshaft,lshakeshaft9m@live.com,15,05 Arapahoe Place,no
37559266,Tripp,Bohlin,tbohlin9n@latimes.com,18,64791 Drewry Lane,si
82220467,Adham,Addekin,aaddekin9o@cargocollective.com,7,8 New Castle Plaza,si
6614581,Brodie,McArd,bmcard9p@gmpg.org,8,2 Corben Road,no
86843999,Cami,Apfel,capfel9q@bloglines.com,18,061 Summerview Place,si
38853173,Dirk,Riggoll,driggoll9r@elpais.com,12,8 Sherman Road,si
52239027,Huntley,Liccardi,hliccardi9s@ustream.tv,12,9 Calypso Pass,si
78375286,Yasmeen,Pringer,ypringer9t@stumbleupon.com,2,18181 Karstens Road,no
39380419,Dulcinea,Cammish,dcammish9u@bandcamp.com,18,08 Ridge Oak Avenue,si
30789287,Christy,Aubri,caubri9v@constantcontact.com,8,72450 Harper Park,no
77756429,Garry,Ducket,gducket9w@cnn.com,1,97524 Raven Place,si
2974774,Winn,Riby,wriby9x@abc.net.au,5,949 Di Loreto Terrace,no
5311887,Gregorius,Hegg,ghegg9y@jigsy.com,9,0 Mariners Cove Road,si
61661123,Tallie,Sambrok,tsambrok9z@java.com,2,3 Montana Center,no
36338529,Bertie,Ceyssen,bceyssena0@princeton.edu,6,7447 Butternut Plaza,no
39350266,Imelda,Coundley,icoundleya1@unc.edu,7,50378 Bonner Point,si
61412962,Yelena,Mence,ymencea2@reddit.com,2,9 Farwell Plaza,si
70540909,Prince,Chittim,pchittima3@histats.com,5,97377 Bluejay Plaza,no
84916460,Allyce,Celle,acellea4@behance.net,9,3409 Pankratz Way,no
39221177,Ara,Yorath,ayoratha5@ocn.ne.jp,13,8753 Westerfield Plaza,no
91842264,Odessa,Dome,odomea6@vistaprint.com,17,07137 Hudson Circle,si
25867939,Westley,Farncombe,wfarncombea7@ihg.com,16,25 Helena Hill,no
82813701,Sherrie,O'Henecan,sohenecana8@webeden.co.uk,12,3815 Cottonwood Street,no
58808074,Francisco,Jeaffreson,fjeaffresona9@mediafire.com,11,320 Rowland Point,no
69660228,Shelli,Dumphries,sdumphriesaa@toplist.cz,11,280 Colorado Point,si
21067387,Golda,Childes,gchildesab@google.co.jp,20,234 Spaight Court,si
87330609,Paten,Prazor,pprazorac@sakura.ne.jp,17,979 Fairview Plaza,no
68606916,Alisun,Rosbottom,arosbottomad@nps.gov,18,259 Sunnyside Alley,si
1268519,Guntar,Kemmis,gkemmisae@umich.edu,17,99 School Drive,si
21699129,Harald,Esparza,hesparzaaf@nba.com,2,9124 Spaight Road,no
46594925,Linda,Griffin,lgriffinag@chronoengine.com,13,14912 Crest Line Terrace,si
26752097,Kory,Baldazzi,kbaldazziah@cnbc.com,2,1 Walton Avenue,no
45549817,Puff,Martlew,pmartlewai@wordpress.com,19,25670 Maryland Pass,no
44578870,Elbertina,Lynam,elynamaj@loc.gov,17,012 Mcguire Crossing,no
70159907,Towney,Tutchener,ttutchenerak@meetup.com,20,8 Brentwood Drive,no
42664657,Romola,Kenyam,rkenyamal@photobucket.com,5,68 Summer Ridge Hill,si
16793999,Anthony,Jotcham,ajotchamam@bloomberg.com,10,1 Ronald Regan Trail,si
88024387,Irene,Dries,idriesan@stumbleupon.com,1,456 Vahlen Lane,no
49497146,Dukey,Pepler,dpeplerao@amazon.de,10,61841 Union Park,no
12661029,Moore,Ramelet,mrameletap@nymag.com,16,1492 Tony Point,si
78757041,Chad,Myford,cmyfordaq@patch.com,7,6371 Morrow Place,si
23431447,Helene,Lorincz,hlorinczar@spotify.com,5,5433 Dovetail Avenue,si
97703773,Moises,Durtnall,mdurtnallas@seattletimes.com,11,3 Pine View Place,no
97906695,Concettina,Stanway,cstanwayat@prnewswire.com,1,6918 Truax Junction,si
99728381,Zandra,Shellshear,zshellshearau@thetimes.co.uk,18,0 Anzinger Pass,no
81513154,Hall,Rhubottom,hrhubottomav@springer.com,16,4 Nova Crossing,no
59197954,Vanya,Battelle,vbattelleaw@bravesites.com,1,6086 Stone Corner Terrace,no
51950976,Clayborne,Deeves,cdeevesax@flavors.me,2,790 Portage Hill,no
17823464,Marina,Elliker,mellikeray@rambler.ru,20,713 Hintze Hill,no
34835034,Berrie,Casaccia,bcasacciaaz@squarespace.com,5,3 Prairie Rose Hill,si
50238383,Delmor,Slewcock,dslewcockb0@over-blog.com,5,3 Macpherson Plaza,no
15691573,Deanna,Comiskey,dcomiskeyb1@friendfeed.com,1,76 Miller Pass,no
82899894,Augustine,Delea,adeleab2@tripadvisor.com,6,151 Beilfuss Avenue,no
55585659,Marylou,Golden of Ireland,mgoldenofirelandb3@mozilla.org,1,090 Dwight Parkway,si
79671139,Wit,Crannage,wcrannageb4@cnn.com,19,038 Veith Center,si
88194442,Tull,Teideman,tteidemanb5@angelfire.com,17,21 John Wall Road,si
68373368,Dorri,Massimo,dmassimob6@arstechnica.com,11,91 Clyde Gallagher Place,no
27503739,Claudio,Pestell,cpestellb7@accuweather.com,12,39 Summit Alley,no
77891970,Job,Gerrill,jgerrillb8@samsung.com,16,88 Esch Pass,no
44192114,Abner,Briatt,abriattb9@live.com,19,4708 Declaration Alley,si
74909489,Josselyn,Chatband,jchatbandba@sciencedaily.com,5,23 Fordem Way,no
58259030,Chere,Syred,csyredbb@craigslist.org,17,1 Hudson Place,no
28154840,Concettina,Dingsdale,cdingsdalebc@whitehouse.gov,14,52 Colorado Point,si
16553952,Roz,McNeely,rmcneelybd@comcast.net,13,69 Maple Wood Court,no
10774042,Mariam,Roskilly,mroskillybe@senate.gov,16,21932 Grover Pass,si
15822933,Ailbert,Seabridge,aseabridgebf@prlog.org,4,5016 South Circle,no
44462071,Minta,Ible,miblebg@woothemes.com,9,47809 Clove Parkway,no
15850412,Friederike,Van Zon,fvanzonbh@vk.com,3,365 Lake View Parkway,si
98827151,Ninnette,Maccaig,nmaccaigbi@purevolume.com,15,9 8th Place,si
92482116,Jaquith,Springell,jspringellbj@php.net,11,901 Commercial Terrace,si
74415195,Antonina,Ghioni,aghionibk@abc.net.au,1,31 Moland Point,no
1215242,Jerrie,Hallgarth,jhallgarthbl@xing.com,6,32 Charing Cross Point,si
34017243,Shandra,Lumm,slummbm@comsenz.com,17,1 Barnett Hill,si
22700184,Aguistin,Connah,aconnahbn@bigcartel.com,1,360 Dottie Plaza,no
1251478,Hatty,Allum,hallumbo@nsw.gov.au,18,37307 Becker Park,si
88539828,Shoshana,Daniell,sdaniellbp@ted.com,3,71 Crowley Circle,no
99559635,Daisie,Radley,dradleybq@posterous.com,5,28 Myrtle Crossing,si
4585442,Myrtie,Yves,myvesbr@home.pl,18,65 Texas Avenue,no
31791177,Nickolai,Fishley,nfishleybs@oaic.gov.au,19,25544 Bobwhite Road,no
10100720,Isador,Ortner,iortnerbt@homestead.com,14,14834 Meadow Vale Street,no
19302599,Peirce,Westphal,pwestphalbu@hhs.gov,6,8542 Larry Way,si
11664511,Angel,Quince,aquincebv@mozilla.com,17,1 Alpine Trail,no
72823961,Abba,Olekhov,aolekhovbw@upenn.edu,13,885 Arizona Plaza,no
43932642,Torry,Richemond,trichemondbx@wunderground.com,14,937 Jackson Crossing,si
20075596,Darby,Norgan,dnorganby@angelfire.com,14,331 Union Trail,no
9963885,Janella,Pascoe,jpascoebz@nsw.gov.au,13,168 Monica Park,no
30226687,Huntlee,Moulson,hmoulsonc0@nps.gov,20,7753 Swallow Terrace,no
77311125,Melisa,Doogue,mdooguec1@sakura.ne.jp,4,60945 Marquette Street,si
57917426,Maude,Trobey,mtrobeyc2@booking.com,19,9457 Saint Paul Terrace,no
38646221,Meaghan,Le Breton,mlebretonc3@constantcontact.com,8,392 Service Crossing,no
74289614,Demeter,Dyneley,ddyneleyc4@independent.co.uk,20,5254 Columbus Park,si
31987554,Sibel,Gwatkins,sgwatkinsc5@last.fm,17,4078 Caliangt Drive,si
89733699,Lynea,Madders,lmaddersc6@yandex.ru,18,190 Anhalt Lane,si
24277616,Othella,Bordman,obordmanc7@mapquest.com,4,4737 Westend Avenue,si
17851327,Eveleen,Stathor,estathorc8@dailymail.co.uk,7,2 Ridgeway Junction,si
99907050,Franny,Bousquet,fbousquetc9@miibeian.gov.cn,1,13460 Clove Park,no
77808820,Terrel,Stutt,tstuttca@huffingtonpost.com,1,89 Sunfield Center,no
93485151,Marianne,MacTrusty,mmactrustycb@quantcast.com,18,086 Mccormick Crossing,si
69347169,Sheila-kathryn,Mara,smaracc@umn.edu,9,8 Basil Lane,no
29283903,Andree,Tregien,atregiencd@intel.com,15,0 Old Shore Street,si
57116707,Giff,McVanamy,gmcvanamyce@youku.com,13,5496 Macpherson Alley,si
52820930,Pattie,Gilbart,pgilbartcf@jigsy.com,20,9246 Towne Way,no
98956077,Aigneis,Dowall,adowallcg@tinypic.com,1,8494 Tomscot Trail,no
9035613,Zeke,Zute,zzutech@abc.net.au,17,771 Forest Run Center,si
515762,Suzanne,Bartkowiak,sbartkowiakci@devhub.com,7,43 Lyons Road,si
46949151,Beryl,Cossans,bcossanscj@ebay.co.uk,8,7 Pankratz Terrace,no
14393647,Marjie,Tapley,mtapleyck@tiny.cc,8,13339 American Road,no
82564878,Con,Plenderleith,cplenderleithcl@yelp.com,6,924 Elgar Terrace,si
43563532,Ralf,Swyer-Sexey,rswyersexeycm@ning.com,1,81449 Eagle Crest Place,si
88729779,Briney,Palfrie,bpalfriecn@npr.org,13,7405 Redwing Junction,no
58784022,Mead,Vasilenko,mvasilenkoco@homestead.com,18,0572 Fairfield Crossing,no
5091274,Randolf,McTeer,rmcteercp@ovh.net,12,8949 Stuart Point,no
32173961,Putnam,Wandrich,pwandrichcq@bbc.co.uk,19,36203 Victoria Street,si
97116542,Mariellen,Rudall,mrudallcr@ning.com,3,8 Calypso Pass,no
9312273,Arch,Hentzeler,ahentzelercs@moonfruit.com,18,33 Hintze Terrace,no
1969209,Zach,Akrigg,zakriggct@icq.com,13,625 Comanche Point,si
70179178,Eyde,Cleminson,ecleminsoncu@qq.com,20,0 Park Meadow Plaza,si
47189110,Tedra,Ingreda,tingredacv@bloomberg.com,10,42 Mesta Road,si
82716790,Mirella,Jerrome,mjerromecw@gov.uk,5,66 Forster Pass,si
59421325,Leland,Luke,llukecx@craigslist.org,14,9 Clove Junction,no
6849166,Shelia,Priden,spridency@youtube.com,9,6 Jenna Place,no
30787996,Kellie,Scrooby,kscroobycz@gravatar.com,17,97242 Northfield Road,no
45321637,Fenelia,Halgarth,fhalgarthd0@google.com.hk,10,8387 Orin Way,no
30979405,Joela,Moral,jmorald1@sourceforge.net,17,5823 Reindahl Trail,si
20685493,Janene,Kenney,jkenneyd2@vkontakte.ru,6,82 Judy Court,si
90883677,Liuka,Birrell,lbirrelld3@prlog.org,1,5 Judy Hill,no
38929967,Carlin,Doornbos,cdoornbosd4@cornell.edu,5,5 Warner Hill,si
73342338,Jillene,Rawet,jrawetd5@blogspot.com,12,944 Westport Parkway,no
26940616,Bendix,Lebourn,blebournd6@moonfruit.com,15,9773 5th Crossing,no
39849334,Danika,Peddie,dpeddied7@people.com.cn,19,6468 Summerview Alley,no
62000696,Agathe,Tonbridge,atonbridged8@omniture.com,6,90269 Mifflin Way,no
23357755,Charlotta,Jean,cjeand9@webnode.com,4,2 Scoville Drive,si
92685784,Celene,Kolinsky,ckolinskyda@aol.com,15,754 Golden Leaf Lane,no
59127903,Lucille,Labrum,llabrumdb@microsoft.com,11,72 Old Shore Center,no
36413984,Farlay,Cochern,fcocherndc@house.gov,8,24186 Shopko Hill,si
67568509,Jelene,Sweetzer,jsweetzerdd@rakuten.co.jp,13,587 Anhalt Terrace,no
87118379,Cyb,Dart,cdartde@techcrunch.com,10,700 Village Green Circle,no
53868718,Betta,Chevalier,bchevalierdf@amazon.de,3,4 Eastwood Circle,no
13762140,Harrietta,Taysbil,htaysbildg@chicagotribune.com,18,2 West Plaza,no
23017242,Lissy,Beadham,lbeadhamdh@jiathis.com,8,97 Hintze Point,no
55842784,Carolee,Giffon,cgiffondi@squarespace.com,13,2 Sunfield Pass,no
4511255,Ryley,Steljes,rsteljesdj@google.co.uk,7,71 Mockingbird Terrace,no
59361429,Bernette,Ashcroft,bashcroftdk@businessweek.com,14,96 Laurel Crossing,si
23130083,Marji,Pinson,mpinsondl@phoca.cz,6,7 Little Fleur Street,si
8324677,Joelie,Quare,jquaredm@sina.com.cn,1,219 Waywood Place,si
55203009,Charlie,Kilpatrick,ckilpatrickdn@dropbox.com,16,94 Loomis Court,si
45475977,Annamarie,Bernetti,abernettido@europa.eu,9,6 Mallory Hill,no
58941040,Dora,Shenley,dshenleydp@slashdot.org,8,85 Old Gate Pass,si
24595911,Claudia,Brugh,cbrughdq@auda.org.au,4,569 Norway Maple Crossing,si
97345495,Luke,Medcalfe,lmedcalfedr@vinaora.com,16,8108 Jana Center,no
5034047,Gladi,Dowyer,gdowyerds@topsy.com,9,63427 Holy Cross Plaza,si
91083510,Sylvia,Edel,sedeldt@lulu.com,10,57 Namekagon Lane,si
92531393,Phillipp,Tomisch,ptomischdu@g.co,16,0 Calypso Alley,si
17457866,Rivkah,Duffree,rduffreedv@istockphoto.com,4,92240 Nelson Drive,no
12034059,Blinny,Legrave,blegravedw@nytimes.com,17,997 Arrowood Way,no
73742359,Yelena,Pyrton,ypyrtondx@ocn.ne.jp,3,2319 Mallard Lane,si
56391998,Lilly,Wherrett,lwherrettdy@wisc.edu,5,7 Karstens Point,si
94380052,Gordy,Sokell,gsokelldz@digg.com,18,025 Division Center,no
55825134,Foster,Hargrave,fhargravee0@free.fr,2,43500 Bowman Circle,si
97694454,Kenna,Crumly,kcrumlye1@hibu.com,15,785 Kensington Road,si
74301700,Curt,Iskowicz,ciskowicze2@woothemes.com,18,52 Tony Lane,no
67683355,Janith,Weedall,jweedalle3@huffingtonpost.com,17,66 Westridge Drive,si
71984626,Paulie,Ville,pvillee4@mashable.com,4,3 Lillian Center,no
11285194,Veronika,Collough,vcolloughe5@google.cn,8,669 Grover Place,no
8482024,Brynne,Sturgis,bsturgise6@cocolog-nifty.com,15,89 Sloan Center,si
43823998,Susannah,Jaulme,sjaulmee7@latimes.com,8,5455 Kim Junction,si
227036,Davon,Foxworthy,dfoxworthye8@hibu.com,15,50 Debra Lane,si
84919723,Even,Fedynski,efedynskie9@howstuffworks.com,10,17 Sundown Street,si
17578742,Brittni,Lavis,blavisea@ning.com,7,23 4th Pass,no
44487643,Rickie,Fawloe,rfawloeeb@ycombinator.com,15,9876 Kennedy Avenue,si
18694101,Franciska,Gillino,fgillinoec@theguardian.com,14,0 Stang Circle,no
65930867,Kimbell,Woolbrook,kwoolbrooked@mail.ru,6,5778 Lukken Lane,si
19501309,Kata,Roby,krobyee@mlb.com,13,53722 Mendota Court,no
50667743,Laurene,Biaggi,lbiaggief@360.cn,18,37279 Loomis Way,si
4400774,Flemming,Imeson,fimesoneg@abc.net.au,14,344 Weeping Birch Hill,no
34460023,Arielle,Wodham,awodhameh@goodreads.com,14,1944 Petterle Alley,si
66222848,Merv,Vose,mvoseei@zdnet.com,20,2428 Lotheville Drive,no
50684822,Chet,Frost,cfrostej@meetup.com,10,81 Heath Circle,si
92666403,Jane,Jado,jjadoek@phpbb.com,13,2072 Spohn Street,no
78505669,Morly,Rushworth,mrushworthel@jimdo.com,14,76 Golf View Way,si
16380911,Ely,Dreakin,edreakinem@pcworld.com,14,408 Doe Crossing Trail,si
17765296,Lilla,Hebbard,lhebbarden@dion.ne.jp,16,5712 Bowman Avenue,no
86181862,Almire,Oslar,aoslareo@typepad.com,7,93954 Independence Way,no
72649138,Ingra,Armall,iarmallep@drupal.org,12,043 Summerview Terrace,no
69518127,Humbert,Suthworth,hsuthwortheq@pbs.org,15,7 Stephen Circle,si
53631125,Brooks,Bestall,bbestaller@slashdot.org,17,1161 Sommers Pass,no
43705473,Heddi,Cluse,hclusees@mapquest.com,5,8 Birchwood Park,no
59667255,Alley,Tabour,atabouret@fotki.com,19,964 Haas Park,no
168480,Kristo,Vedenisov,kvedenisoveu@boston.com,16,9935 American Road,si
6323317,Lilli,Addenbrooke,laddenbrookeev@ted.com,7,2 Annamark Road,si
39836192,Dukey,Donaher,ddonaherew@creativecommons.org,3,110 Maple Way,no
65473796,Brianne,Glenny,bglennyex@cbsnews.com,11,1 Messerschmidt Road,si
6597797,Cele,Windley,cwindleyey@livejournal.com,3,1 Talmadge Park,si
91626392,Elspeth,Rhymes,erhymesez@sakura.ne.jp,10,58403 Badeau Way,no
19741031,Emelyne,Tinner,etinnerf0@forbes.com,16,5270 Center Plaza,no
18655225,Lindy,Sayce,lsaycef1@friendfeed.com,4,17 1st Place,si
59427300,Gweneth,Bohden,gbohdenf2@telegraph.co.uk,20,67824 Kinsman Terrace,no
32482850,Adrianne,Christopherson,achristophersonf3@uol.com.br,10,228 Crest Line Alley,no
92570506,Karalynn,Aloshechkin,kaloshechkinf4@abc.net.au,17,39 Lakewood Park,no
38894978,Naomi,Scowcroft,nscowcroftf5@oakley.com,8,08 Morrow Plaza,no
80941855,Robbyn,Thow,rthowf6@soundcloud.com,9,1 Autumn Leaf Avenue,no
88140280,Alasdair,Moyer,amoyerf7@liveinternet.ru,10,230 Banding Terrace,si
97799348,Abby,Disley,adisleyf8@mail.ru,15,42231 Welch Alley,si
86803888,Kimberlee,Bridgen,kbridgenf9@1688.com,9,013 Heath Road,no
94790026,Marabel,Kneale,mknealefa@jugem.jp,3,64904 Straubel Lane,no
26753990,Clarey,McVitie,cmcvitiefb@meetup.com,5,23 Elmside Junction,si
85573401,Sayer,Alchin,salchinfc@fc2.com,7,5 Susan Park,si
3433267,Robina,Clipston,rclipstonfd@newyorker.com,5,46022 Buell Center,no
6838201,Candide,Pechan,cpechanfe@jigsy.com,10,7703 Roth Plaza,si
58514421,Amby,Camis,acamisff@barnesandnoble.com,16,04 Russell Pass,si
42786516,Leia,Creak,lcreakfg@wordpress.org,20,8994 Kennedy Lane,si
92156630,Dion,Trayhorn,dtrayhornfh@etsy.com,9,77204 Atwood Pass,no
31777739,Gabe,Tyrer,gtyrerfi@networkadvertising.org,3,1 Hanson Center,si
96555918,Valida,Cleminson,vcleminsonfj@java.com,14,9763 Warrior Park,si
24964385,Roz,Haggidon,rhaggidonfk@blogs.com,19,22352 Nancy Lane,no
53609839,Sholom,Girardetti,sgirardettifl@eepurl.com,20,012 Gateway Center,no
9491687,Gaby,Beardsall,gbeardsallfm@macromedia.com,10,960 Melrose Pass,si
60246073,Averyl,Villar,avillarfn@examiner.com,20,74495 Village Green Avenue,si
96586840,Carlen,Edmott,cedmottfo@boston.com,5,46 Carioca Drive,si
23566235,Alaric,Dearle,adearlefp@boston.com,4,2 Moose Place,no
22423138,Catharina,Lowy,clowyfq@globo.com,3,949 Bartillon Junction,no
61136304,Elbert,Zapata,ezapatafr@cbc.ca,16,0705 Darwin Alley,no
2633589,Zelma,Clowsley,zclowsleyfs@adobe.com,17,721 Mayer Parkway,si
87329401,Lurette,Avo,lavoft@cafepress.com,13,75 Hayes Way,no
21627994,Patty,Hawkyens,phawkyensfu@yolasite.com,16,79 Huxley Avenue,no
74443371,Augustus,Imms,aimmsfv@posterous.com,13,7 Arkansas Alley,si
16203436,Alexandros,Keays,akeaysfw@cyberchimps.com,9,8 Weeping Birch Trail,no
94174225,Granville,Diprose,gdiprosefx@wikispaces.com,19,155 Ryan Center,no
70702242,Madeline,Blenkinsopp,mblenkinsoppfy@merriam-webster.com,2,393 Trailsway Place,si
13504228,Vivia,Matchett,vmatchettfz@gravatar.com,19,88455 Clarendon Point,si
17413594,Chloe,Scurrey,cscurreyg0@reuters.com,17,54474 Crescent Oaks Way,no
46121419,Tucker,Ivanaev,tivanaevg1@blinklist.com,14,69264 Hagan Road,si
78136420,Lexine,Dionisetto,ldionisettog2@nature.com,3,29 Grim Street,no
54508639,Marjie,Faers,mfaersg3@t.co,14,6 Lighthouse Bay Hill,si
41513452,Lexine,Trimming,ltrimmingg4@princeton.edu,15,40 Trailsway Alley,no
45575410,Haroun,Eliaz,heliazg5@bizjournals.com,20,11 Anzinger Hill,no
76112066,Ethe,Binyon,ebinyong6@senate.gov,7,7 Stone Corner Circle,no
88318207,Gustave,Colston,gcolstong7@sohu.com,14,984 Pearson Circle,no
14486910,Darya,Burk,dburkg8@fc2.com,8,13 Briar Crest Circle,no
33484137,Dulcine,Wermerling,dwermerlingg9@apple.com,20,0 Esker Lane,no
89342368,Vikki,Quernel,vquernelga@tinypic.com,16,91 Morrow Hill,no
71963479,Chev,Rannie,cranniegb@chicagotribune.com,14,62 Badeau Court,no
60143520,Beverlie,Hamer,bhamergc@biblegateway.com,20,122 Fieldstone Trail,no
13402889,Anastasia,Brehat,abrehatgd@amazonaws.com,1,8 Spenser Terrace,no
51868567,Skippie,Inglis,singlisge@ehow.com,9,4 Darwin Avenue,no
10005913,Mart,Milmo,mmilmogf@bizjournals.com,8,0 Northport Court,si
12058062,Beatrice,McCurlye,bmccurlyegg@theatlantic.com,2,857 Hovde Alley,si
98304884,Ninnette,Hankey,nhankeygh@adobe.com,18,60 Namekagon Pass,si
21021024,Brantley,Hought,bhoughtgi@nhs.uk,13,5963 Park Meadow Pass,no
25785408,Angelika,Jeskins,ajeskinsgj@patch.com,15,7972 Victoria Drive,si
4204078,Pammi,Duffree,pduffreegk@cam.ac.uk,12,88550 Anthes Avenue,no
39858638,Maurice,Lunnon,mlunnongl@mtv.com,2,66 Clove Plaza,si
85155332,Donavon,Lambrook,dlambrookgm@nymag.com,20,6 Forster Hill,si
52794265,Matt,Amys,mamysgn@hexun.com,16,7692 Lukken Street,si
42189799,Dode,Offord,doffordgo@plala.or.jp,19,39554 Arapahoe Way,no
97869686,Terrance,Hargraves,thargravesgp@amazon.co.uk,11,0932 Crownhardt Avenue,no
10357824,Kariotta,Eva,kevagq@yahoo.co.jp,1,33 Johnson Way,si
44364084,Sydelle,Belderfield,sbelderfieldgr@mapquest.com,11,427 Bowman Drive,si
80653071,Legra,Aspel,laspelgs@upenn.edu,15,803 Burrows Road,no
14604475,Smitty,Doswell,sdoswellgt@seattletimes.com,10,8208 Waxwing Terrace,si
20600349,Mac,Sabati,msabatigu@jalbum.net,7,3199 Messerschmidt Hill,si
94900990,Noni,Caldeiro,ncaldeirogv@squidoo.com,10,06 Evergreen Place,si
59098900,Helena,Glanville,hglanvillegw@amazon.co.jp,2,07 Rigney Pass,no
2871215,Darlleen,Bergstrand,dbergstrandgx@paypal.com,19,87571 West Avenue,si
18292167,Deena,Nazaret,dnazaretgy@gravatar.com,6,0 Blue Bill Park Road,si
71456174,Margeaux,Wisbey,mwisbeygz@addthis.com,9,72 Spenser Hill,si
63559315,Standford,Gossage,sgossageh0@reuters.com,7,34 Sunnyside Lane,no
26510898,Sharla,Kmieciak,skmieciakh1@mtv.com,1,2 Red Cloud Circle,si
73901257,Ignaz,Ollerearnshaw,iollerearnshawh2@ifeng.com,6,78021 Arkansas Plaza,no
40584573,Jaclyn,McKibbin,jmckibbinh3@accuweather.com,18,938 Eastlawn Circle,no
33703844,Barry,Samwaye,bsamwayeh4@furl.net,6,059 Westport Road,si
87415741,Hi,Dilliway,hdilliwayh5@examiner.com,17,251 Harper Terrace,si
68635087,Brnaby,MacCoughen,bmaccoughenh6@cornell.edu,14,0225 Paget Junction,si
56862687,Thebault,Upton,tuptonh7@angelfire.com,17,4834 Bultman Plaza,no
37465070,Sonnie,Winslett,swinsletth8@craigslist.org,19,701 Shasta Drive,si
9777294,Barbi,Krolak,bkrolakh9@weather.com,1,7 Sutherland Alley,no
25077966,Karolina,Arsmith,karsmithha@cnbc.com,20,8 Bellgrove Road,no
54887848,Lennard,McClymont,lmcclymonthb@state.gov,11,84083 Roth Crossing,si
75716636,Marge,Duprey,mdupreyhc@japanpost.jp,14,529 Trailsway Alley,si
21071310,Suki,Chastey,schasteyhd@weather.com,16,4 Anderson Court,si
1117763,Letisha,Alldred,lalldredhe@bloglines.com,6,72 Quincy Center,si
52903917,Traci,Ferrarini,tferrarinihf@pbs.org,5,8 Lillian Plaza,no
8455148,Sheryl,Locke,slockehg@gmpg.org,11,83478 Ohio Street,si
61586440,Leona,McCurtain,lmccurtainhh@plala.or.jp,6,15845 Stuart Terrace,si
45221931,Bridie,Roderigo,broderigohi@printfriendly.com,14,343 Thompson Crossing,no
27177886,Stefa,Glander,sglanderhj@zimbio.com,16,62909 Holy Cross Trail,si
71271701,Lucian,Lathleiffure,llathleiffurehk@cloudflare.com,5,2900 Fremont Circle,no
55253644,Leonore,Shovel,lshovelhl@nyu.edu,14,61 Village Center,si
12195283,Felicio,Golightly,fgolightlyhm@desdev.cn,3,2777 Hudson Way,no
34432000,Woodman,Moloney,wmoloneyhn@techcrunch.com,6,9 Mayer Road,si
19892755,Flossy,Brideau,fbrideauho@naver.com,8,0 Commercial Pass,no
35664220,Jonie,Stallebrass,jstallebrasshp@google.fr,12,68 Becker Circle,no
99825159,Julian,Mackro,jmackrohq@123-reg.co.uk,16,9432 High Crossing Avenue,no
12153852,Yehudit,Bantick,ybantickhr@foxnews.com,14,4922 Northridge Crossing,no
18361828,Ernesta,Hulson,ehulsonhs@eepurl.com,14,1 Coleman Hill,si
40134965,Adena,Stathers,astathersht@webmd.com,1,8373 Center Place,no
40184023,Yancey,Gresch,ygreschhu@scientificamerican.com,17,0969 Bultman Hill,si
66238669,Lacie,Wondraschek,lwondraschekhv@sohu.com,11,22 Ridgeview Plaza,no
54218989,Eran,Eldershaw,eeldershawhw@netscape.com,9,34 Jana Court,si
92302743,Reginald,Meiklam,rmeiklamhx@tamu.edu,8,68 Brentwood Park,si
56705313,Samson,Ingree,singreehy@aol.com,7,8323 Blackbird Trail,si
78251303,Sherill,Gotmann,sgotmannhz@dailymail.co.uk,6,50 Brentwood Place,si
79119877,Cheri,Toone,ctoonei0@ibm.com,2,6130 Sommers Road,si
83891623,Nicko,Asplen,naspleni1@wix.com,17,97463 2nd Way,si
53973703,Isobel,Kleinstern,ikleinsterni2@yelp.com,15,34 Shoshone Court,si
72639571,Alwin,Wherrett,awherretti3@nps.gov,8,8524 Caliangt Drive,si
2906031,Edouard,Hubback,ehubbacki4@rediff.com,10,13 Texas Center,no
27524129,Davy,Lauder,dlauderi5@vk.com,19,90344 Thompson Street,no
17578271,Ruddy,McGuckin,rmcguckini6@bing.com,11,409 Raven Avenue,si
33485005,Madella,Casewell,mcasewelli7@zdnet.com,9,30 La Follette Hill,no
35565816,Yard,Basketter,ybasketteri8@cpanel.net,19,67 Nobel Hill,si
26658875,Alena,Cornell,acornelli9@washingtonpost.com,5,2 Bunker Hill Point,no
83860504,Marieann,Irlam,mirlamia@bizjournals.com,3,73 Village Green Crossing,no
10006775,Zena,Cobson,zcobsonib@wired.com,9,19 Cody Point,no
14268799,Amery,Renoden,arenodenic@gmpg.org,8,868 Barnett Park,no
50782569,Lorine,Arnecke,larneckeid@amazon.com,10,63425 Pearson Pass,no
95001059,Lyndsay,Penfold,lpenfoldie@google.com.au,19,99561 Sheridan Terrace,si
93645891,Bruis,Axel,baxelif@washingtonpost.com,20,1546 Bellgrove Terrace,no
65481694,Vasili,Sedcole,vsedcoleig@opera.com,1,40542 Sutherland Street,si
70273057,Derward,Ganiclef,dganiclefih@mac.com,13,87606 Nobel Road,si
39583096,Torr,Bustard,tbustardii@yale.edu,6,993 Hansons Hill,si
46009231,Burtie,Gowar,bgowarij@booking.com,14,0046 Red Cloud Avenue,no
20928841,Carina,Innerstone,cinnerstoneik@dmoz.org,12,01 Karstens Crossing,si
22945005,Cicily,Kettel,ckettelil@google.de,2,57852 Anzinger Street,no
15796654,Bud,Brass,bbrassim@salon.com,11,64 Bunting Drive,no
47123139,Robers,Canon,rcanonin@uol.com.br,18,2 Reindahl Court,no
10472884,Willard,Oxterby,woxterbyio@samsung.com,2,2916 Ridgeview Road,no
73269557,Bron,Lamp,blampip@plala.or.jp,9,6 Calypso Pass,no
85739235,Windy,Potter,wpotteriq@soundcloud.com,3,356 Commercial Point,no
6841118,Law,Drohan,ldrohanir@mtv.com,19,3122 Cascade Point,si
73490311,Hadlee,Domico,hdomicois@flavors.me,20,1 Hoard Plaza,no
76097206,Filide,Serraillier,fserraillierit@dell.com,3,1 Monument Drive,si
35369935,Dunstan,Kellert,dkellertiu@bbc.co.uk,1,48 Homewood Lane,no
30568913,Sapphira,Toffoloni,stoffoloniiv@theatlantic.com,11,8 Spohn Street,no
94434335,Ferd,Clac,fclaciw@accuweather.com,3,1783 Sunnyside Pass,si
54914919,Fidel,McNeigh,fmcneighix@list-manage.com,3,0157 Walton Circle,no
28072399,Marji,Knibbs,mknibbsiy@technorati.com,15,5584 Clyde Gallagher Park,si
9624632,Joni,Dalbey,jdalbeyiz@springer.com,11,529 Towne Way,si
48307186,Luther,Rosenbaum,lrosenbaumj0@webeden.co.uk,1,0457 Kensington Court,si
11864713,Tera,Lelliott,tlelliottj1@bizjournals.com,17,7591 Charing Cross Pass,si
52605303,Malissia,Neles,mnelesj2@globo.com,4,8061 Merchant Court,si
15063636,Silvanus,Gridley,sgridleyj3@php.net,1,0301 Spenser Junction,no
61428672,Kaiser,Pygott,kpygottj4@sakura.ne.jp,3,3 Mcbride Road,si
75602133,Cyndia,Blazynski,cblazynskij5@virginia.edu,15,2 Mitchell Plaza,no
62660400,Barbee,Durgan,bdurganj6@sakura.ne.jp,2,47176 Scott Point,no
23288275,Blaire,McGarry,bmcgarryj7@mtv.com,13,209 8th Point,si
861986,Gard,Erdes,gerdesj8@webeden.co.uk,15,8105 Hooker Center,si
84401779,Reggis,Antoni,rantonij9@washingtonpost.com,18,47917 Stoughton Road,si
46540120,Isa,Plumb,iplumbja@1und1.de,6,39 Butternut Avenue,no
79972509,Zilvia,Cookman,zcookmanjb@gmpg.org,14,94172 North Hill,si
14641362,Clementius,Griss,cgrissjc@studiopress.com,17,7133 5th Park,si
38942612,Annemarie,Poley,apoleyjd@cam.ac.uk,20,29106 Ronald Regan Plaza,no
14281407,Sandy,Puxley,spuxleyje@nps.gov,1,2 Grover Plaza,si
36426816,Nikos,Domange,ndomangejf@rediff.com,19,8749 Logan Center,si
38763064,Viviene,Wigmore,vwigmorejg@mayoclinic.com,9,90 Cottonwood Plaza,si
76986572,Jennee,Janosevic,jjanosevicjh@umich.edu,16,1462 Oriole Road,no
55765385,Cass,Crenage,ccrenageji@google.ru,17,848 Emmet Crossing,si
41979348,Dominique,Monnoyer,dmonnoyerjj@diigo.com,12,48579 Springs Way,si
52957497,El,Paddle,epaddlejk@va.gov,13,4572 Stephen Crossing,no
94924966,Alfreda,Craghead,acragheadjl@mozilla.com,10,88598 Truax Center,no
30073511,Llewellyn,Gravenor,lgravenorjm@fema.gov,14,4890 Lake View Parkway,no
20991144,Rabbi,Raiker,rraikerjn@yandex.ru,2,541 Armistice Circle,no
47922685,Bradan,Craddy,bcraddyjo@opera.com,19,28805 Vermont Pass,si
5213674,Lyssa,Voff,lvoffjp@gravatar.com,1,59559 Dawn Drive,no
32378184,Albertine,Zanetto,azanettojq@usatoday.com,7,6617 Barnett Court,si
35543162,Gamaliel,Medwell,gmedwelljr@google.com.au,16,35 Hagan Place,no
62120141,Barnard,Lantoph,blantophjs@nydailynews.com,3,99 Lawn Crossing,no
7216348,Madelena,Leney,mleneyjt@rambler.ru,10,3 Knutson Alley,no
40412893,Marsha,Bloxsum,mbloxsumju@bravesites.com,10,24110 Porter Avenue,si
23628407,Angel,Poznanski,apoznanskijv@oracle.com,6,378 Veith Terrace,si
41945253,Bert,Plott,bplottjw@fotki.com,5,76228 Golden Leaf Point,no
14838083,Gleda,Linkin,glinkinjx@goodreads.com,19,6 Portage Pass,no
16631091,Leilah,Baumert,lbaumertjy@cisco.com,7,662 Claremont Trail,si
63989231,Dillie,Dunsmuir,ddunsmuirjz@nytimes.com,15,7482 Aberg Terrace,no
91062189,Yves,Cheese,ycheesek0@jugem.jp,4,092 Truax Pass,no
56351193,Cristin,Watkiss,cwatkissk1@icio.us,10,2 Porter Road,no
95839785,Fiona,Jacketts,fjackettsk2@technorati.com,16,1 Hoard Road,no
26955990,Morena,Gilbart,mgilbartk3@kickstarter.com,5,63 Vera Way,no
99558358,Kristyn,Reddle,kreddlek4@addtoany.com,2,823 Pearson Avenue,si
89557559,Phylys,Dowry,pdowryk5@wired.com,7,9 Vahlen Hill,si
49989159,Josh,Brownbill,jbrownbillk6@hubpages.com,1,3 Dwight Way,no
68764200,Janka,Rapport,jrapportk7@shop-pro.jp,4,52068 Debra Drive,si
64534433,Morrie,Ciobotaro,mciobotarok8@devhub.com,11,22 Pankratz Crossing,si
57514609,Lyn,Meader,lmeaderk9@foxnews.com,15,253 Stang Street,no
80082966,Corrie,Barlas,cbarlaska@howstuffworks.com,20,69915 Kingsford Terrace,si
23759187,Candie,Yaakov,cyaakovkb@engadget.com,4,4 Colorado Point,no
30237027,Uri,Udie,uudiekc@vkontakte.ru,9,437 Texas Parkway,no
70856460,Lisbeth,Whittles,lwhittleskd@smugmug.com,10,3537 Sundown Terrace,no
69426515,Bendix,Ashplant,bashplantke@craigslist.org,20,781 Pawling Way,si
83012063,Elvin,O'Carran,eocarrankf@europa.eu,6,8 Golf View Crossing,no
14018162,Corrine,Schonfeld,cschonfeldkg@engadget.com,1,69 Melvin Drive,si
79002815,Joyan,Gaye,jgayekh@xrea.com,3,06 Eggendart Avenue,no
29784258,Vilhelmina,Glossop,vglossopki@cornell.edu,13,2137 Kipling Circle,si
46711266,Carlina,Brokenshaw,cbrokenshawkj@si.edu,16,575 Melody Trail,si
84331376,Kitty,Philipp,kphilippkk@army.mil,18,75978 Bobwhite Street,si
43122064,Welbie,Bendik,wbendikkl@businesswire.com,19,9956 Anniversary Place,si
39143386,Wilfred,Menico,wmenicokm@diigo.com,7,781 Riverside Place,si
87116373,Clarence,Ruston,crustonkn@cocolog-nifty.com,19,7658 Marquette Hill,no
94378510,Sherilyn,Gilbee,sgilbeeko@opera.com,11,9946 Northwestern Drive,no
59307608,Kin,Capner,kcapnerkp@desdev.cn,9,202 Cody Way,no
30170906,Lorrin,Chipps,lchippskq@zimbio.com,10,5 Dunning Terrace,si
73693619,Roxine,Kleine,rkleinekr@pbs.org,16,5 Valley Edge Alley,si
69232949,Vernice,Huyton,vhuytonks@yahoo.com,11,1 Dottie Alley,si
4771420,Butch,McIlraith,bmcilraithkt@shareasale.com,3,58767 Stone Corner Circle,si
91273008,Joni,Paylie,jpaylieku@economist.com,5,275 Westerfield Plaza,si
33784614,Emmalyn,Jelf,ejelfkv@wikipedia.org,7,28760 Marquette Trail,si
98561245,Nessy,Di Ruggero,ndiruggerokw@i2i.jp,20,45 Cambridge Street,si
50443075,Priscilla,Yeoland,pyeolandkx@ca.gov,20,44 Vera Point,si
66368853,Ruthe,Coggins,rcogginsky@de.vu,6,22 Eastlawn Street,si
25059063,Kerrin,Reany,kreanykz@princeton.edu,10,442 2nd Alley,no
83458511,Gerta,Diver,gdiverl0@blinklist.com,18,49 Anderson Center,no
54088350,Caprice,Kobiera,ckobieral1@timesonline.co.uk,1,085 Esker Pass,si
13128187,Blythe,Piris,bpirisl2@dedecms.com,16,518 Tennyson Junction,no
9602218,Fee,Fust,ffustl3@youku.com,5,2762 Farwell Terrace,si
75090860,Leonidas,MacGille,lmacgillel4@163.com,4,6 Arapahoe Hill,si
68205841,Sharyl,Attwater,sattwaterl5@123-reg.co.uk,15,31449 Wayridge Lane,si
48757500,Sybila,Dooley,sdooleyl6@mail.ru,8,44584 Forest Dale Junction,no
76107904,Sarena,Woodhall,swoodhalll7@foxnews.com,19,2 Susan Place,no
98805980,Merci,Goult,mgoultl8@sciencedaily.com,5,4 Daystar Park,no
65841106,Candice,Mackneis,cmackneisl9@zimbio.com,18,24503 Welch Road,si
99259882,Micky,Surgey,msurgeyla@marketwatch.com,20,8 Dakota Parkway,si
63465954,Delilah,Rudgard,drudgardlb@is.gd,17,86 Luster Lane,si
54877531,Harrison,Balazin,hbalazinlc@printfriendly.com,6,08 Grover Trail,no
75275600,Emalia,Manby,emanbyld@ezinearticles.com,3,943 Thackeray Junction,si
71006596,Waverly,Whalley,wwhalleyle@wikipedia.org,7,6690 Harper Terrace,no
66894251,Roderick,Picknett,rpicknettlf@nationalgeographic.com,1,9819 Lighthouse Bay Place,si
28310056,Bernetta,Delgardillo,bdelgardillolg@google.com.au,20,4 Parkside Lane,si
55367392,Brittany,Allworthy,ballworthylh@google.pl,2,6 Ludington Place,si
90622809,Agustin,Spancock,aspancockli@parallels.com,6,1905 Kinsman Hill,no
38001516,Preston,Fourman,pfourmanlj@webeden.co.uk,18,73882 Bartillon Park,si
3169847,Enos,MacAree,emacareelk@washingtonpost.com,18,4172 Hallows Plaza,no
57647609,Kellina,Patey,kpateyll@github.io,19,2 Mifflin Street,no
57806614,Yancy,Weller,ywellerlm@furl.net,1,3509 Russell Center,si
70579367,Audrye,Measom,ameasomln@mapquest.com,3,4750 Monica Way,si
14218474,Aliza,Vivyan,avivyanlo@surveymonkey.com,15,8 Division Hill,si
74760827,Kellby,Turpin,kturpinlp@lulu.com,15,7 Gateway Alley,si
27610523,Shirlee,Schulken,sschulkenlq@instagram.com,10,63509 Westridge Point,no
47537275,Bendix,Keenor,bkeenorlr@jalbum.net,2,61936 Lawn Park,no
69949661,Tannie,Garley,tgarleyls@soundcloud.com,2,6358 Almo Hill,si
4793729,Rachele,Lovart,rlovartlt@themeforest.net,2,6 Mallard Place,si
77235492,Paulo,Edmeades,pedmeadeslu@shareasale.com,5,71839 Monterey Court,si
25052161,Latashia,Leinthall,lleinthalllv@163.com,2,94660 1st Center,no
12287415,Corena,Gypson,cgypsonlw@g.co,17,39 Lindbergh Plaza,no
56900744,Helenelizabeth,Alldread,halldreadlx@nba.com,14,0 Dayton Circle,si
47201044,Desi,Oene,doenely@dagondesign.com,6,6512 Merry Terrace,si
60412329,Reg,Cauldfield,rcauldfieldlz@t-online.de,12,5330 Schurz Court,si
91827886,Osbert,Jeske,ojeskem0@seesaa.net,9,1760 Sycamore Trail,si
22827192,Alida,Sancias,asanciasm1@purevolume.com,16,3 Redwing Place,no
71033496,Elvina,Hawkin,ehawkinm2@pinterest.com,16,19 Commercial Avenue,no
20371863,Pamelina,Jervis,pjervism3@ehow.com,9,45208 Arkansas Hill,no
21664975,Adrian,Burford,aburfordm4@yellowbook.com,17,5847 New Castle Crossing,no
44919594,Jimmy,Bembrigg,jbembriggm5@storify.com,12,6 Carey Plaza,no
2646943,Taryn,Neward,tnewardm6@exblog.jp,9,2121 Lien Place,no
65424477,Launce,Kirkbride,lkirkbridem7@foxnews.com,16,04 Merchant Alley,si
73687787,Randell,Loughhead,rloughheadm8@smugmug.com,15,448 Warrior Circle,no
65570937,Sofie,Iffe,siffem9@twitpic.com,1,418 Hoffman Point,si
27949203,Anette,Jilliss,ajillissma@alexa.com,19,71415 Quincy Terrace,si
57348748,Addy,Annell,aannellmb@redcross.org,18,15809 Westridge Center,no
70765526,Zarla,Braker,zbrakermc@unesco.org,20,459 Veith Circle,si
69518537,Lilah,Stronack,lstronackmd@xinhuanet.com,4,11570 Burning Wood Road,no
54804880,Letizia,Planque,lplanqueme@tinypic.com,11,76472 6th Center,no
98851245,Birgit,Dawkins,bdawkinsmf@tuttocitta.it,17,7752 Orin Avenue,no
23022129,Lilas,Meininking,lmeininkingmg@icq.com,5,2 Barnett Pass,no
65188694,Renelle,Riddett,rriddettmh@shutterfly.com,4,5 Cottonwood Terrace,no
62976075,Jessica,Tomalin,jtomalinmi@usgs.gov,16,5913 3rd Avenue,si
32452430,Tyrone,Prop,tpropmj@wikia.com,4,92596 Moose Alley,si
27285282,Conway,Grimestone,cgrimestonemk@webeden.co.uk,2,0310 Gulseth Pass,si
61410911,Farra,Maynard,fmaynardml@mysql.com,1,716 Melby Avenue,no
8941910,Zita,Cleere,zcleeremm@spotify.com,10,57 Division Pass,si
88097142,Meridith,Hackly,mhacklymn@stanford.edu,4,464 East Street,si
91022360,Kev,Greystock,kgreystockmo@guardian.co.uk,15,070 Bunting Way,si
18718122,Lenee,Novotna,lnovotnamp@timesonline.co.uk,9,3263 Jackson Crossing,si
79976107,Carena,Janway,cjanwaymq@liveinternet.ru,4,40 Londonderry Way,si
68151146,Seana,Petyt,spetytmr@meetup.com,9,3411 Colorado Center,no
18987340,Giacomo,Pattesall,gpattesallms@histats.com,6,870 Buell Alley,si
48881687,Corey,Beausang,cbeausangmt@homestead.com,17,219 Maple Wood Junction,si
9891874,Roldan,Kleynermans,rkleynermansmu@hao123.com,6,34 Sage Avenue,si
44123291,Cherise,Dymock,cdymockmv@unicef.org,12,3888 Sugar Park,si
54870224,Tedda,Ofield,tofieldmw@google.es,4,787 Manitowish Junction,no
75619700,Ulysses,Truckell,utruckellmx@msu.edu,12,3 Upham Crossing,si
82216443,Jo,Shipway,jshipwaymy@fotki.com,15,18974 Spaight Drive,si
23750690,Maitilde,Rilings,mrilingsmz@ask.com,19,23543 Jay Alley,no
87174928,Riordan,Gooday,rgoodayn0@npr.org,20,86 Cody Street,si
29230464,Shirl,Adame,sadamen1@wikimedia.org,7,348 Stoughton Park,si
48539819,Nonah,Hambrick,nhambrickn2@merriam-webster.com,4,47524 Corscot Alley,no
31841191,Rowe,Hatz,rhatzn3@fema.gov,7,5 Iowa Way,si
54864707,Elianore,Loyley,eloyleyn4@cornell.edu,19,9154 Lyons Parkway,si
74858079,Gertrude,Mellem,gmellemn5@intel.com,18,0181 Monument Way,si
5874319,Babb,Triplet,btripletn6@seesaa.net,16,526 Oakridge Circle,no
31906644,Orton,McGrill,omcgrilln7@mtv.com,2,60 Holmberg Lane,si
296301,Vilma,Lerway,vlerwayn8@latimes.com,5,7157 2nd Pass,no
15702222,Cari,Worg,cworgn9@wordpress.com,12,8 Crest Line Terrace,no
56179163,Nikola,Coltart,ncoltartna@reverbnation.com,14,008 Glendale Crossing,no
80586201,Fergus,Lanphere,flanpherenb@histats.com,18,96 Ilene Trail,si
76630533,Thain,Batrop,tbatropnc@msn.com,13,21 Logan Lane,si
46954173,Janeva,Watmore,jwatmorend@oracle.com,13,0853 Amoth Hill,no
8524573,Giavani,Gookey,ggookeyne@dagondesign.com,8,12539 Everett Parkway,si
9962915,Edeline,Marczyk,emarczyknf@scribd.com,3,86574 Golden Leaf Crossing,no
79949638,Lisha,Lanegran,llanegranng@ow.ly,13,7 Cottonwood Place,no
88784536,Mirabella,Adcocks,madcocksnh@reddit.com,10,41 Burrows Street,no
29215401,Caitrin,Lehenmann,clehenmannni@marketwatch.com,3,2880 Nelson Alley,si
8314290,Salome,MacKartan,smackartannj@vkontakte.ru,2,07231 Lighthouse Bay Alley,si
21516420,Rogers,MacAirt,rmacairtnk@archive.org,6,06264 Village Trail,si
10480922,Cathrine,Burbury,cburburynl@google.com.br,14,52 Anthes Place,no
83789655,Seana,Blakeley,sblakeleynm@jalbum.net,3,600 Holy Cross Alley,no
28923400,Maryann,Bromidge,mbromidgenn@aboutads.info,2,99663 Northview Road,no
13956009,Ellary,Catonne,ecatonneno@over-blog.com,3,437 Forest Dale Place,si
96400312,Sylvia,Huckstepp,shucksteppnp@histats.com,14,550 Sundown Parkway,si
30109931,Hamel,Gooly,hgoolynq@istockphoto.com,14,34 Manufacturers Road,no
68570869,Ikey,Baldery,ibalderynr@buzzfeed.com,16,7834 Burning Wood Drive,no
94730848,Shannan,Tyre,styrens@microsoft.com,7,39061 Del Sol Lane,no
41196683,Johna,Roxburgh,jroxburghnt@theglobeandmail.com,20,2 Di Loreto Drive,si
15746351,Alexandr,de Najera,adenajeranu@digg.com,14,7 Schurz Lane,no
36804915,Desirae,Prenty,dprentynv@businessinsider.com,9,6725 Fremont Street,si
75106647,Chrissy,Boxhall,cboxhallnw@xing.com,20,1321 Porter Center,si
61208861,Janette,Escofier,jescofiernx@nih.gov,11,78407 Orin Avenue,si
24083397,Melania,Shier,mshierny@people.com.cn,1,623 Gerald Point,si
77634894,Henri,Foister,hfoisternz@house.gov,7,180 Mccormick Terrace,si
66292257,Langston,Calton,lcaltono0@wikispaces.com,1,3002 Buhler Way,si
3299033,Jo-anne,Yoslowitz,jyoslowitzo1@ft.com,4,485 Sullivan Center,no
26551147,Haskel,Twinborough,htwinborougho2@technorati.com,19,29742 Dunning Alley,no
280169,Rae,Casiero,rcasieroo3@artisteer.com,2,64229 Pawling Circle,no
10949084,Nyssa,Beechcraft,nbeechcrafto4@foxnews.com,1,19 Northridge Point,no
99196113,Marlyn,Greyes,mgreyeso5@wp.com,5,20 Thackeray Street,si
95547677,Berkie,Gillice,bgilliceo6@homestead.com,4,484 Burning Wood Pass,si
13104749,Benedicta,Vaneev,bvaneevo7@myspace.com,20,5679 Oak Parkway,si
2357898,Kanya,Friedman,kfriedmano8@mozilla.com,5,662 Kinsman Street,si
86304913,Pearle,Ferreo,pferreoo9@furl.net,6,3239 1st Court,no
84649164,Geordie,Lage,glageoa@wired.com,7,75 Waubesa Court,no
576201,Donna,Heyworth,dheyworthob@mtv.com,16,047 Shelley Road,no
77174609,Teodorico,Muspratt,tmusprattoc@fotki.com,3,600 Coolidge Crossing,no
19301642,Gal,Ghione,gghioneod@cbslocal.com,9,1 Randy Way,no
52240885,Miguela,Vearncomb,mvearncomboe@linkedin.com,10,7211 Bluestem Avenue,no
71246432,Moise,Rohmer,mrohmerof@digg.com,15,21 Sloan Way,si
8730291,Fletcher,Hulett,fhulettog@acquirethisname.com,8,195 Arrowood Drive,no
23480038,Sutherland,Gaveltone,sgaveltoneoh@linkedin.com,14,1 East Park,si
97864902,Daffi,Carette,dcaretteoi@yahoo.com,11,512 Lake View Road,no
42930578,Eziechiele,Korda,ekordaoj@topsy.com,4,0 Mandrake Circle,si
34074650,Hatty,Thying,hthyingok@123-reg.co.uk,13,632 Scott Alley,no
68241338,Erroll,Pieche,epiecheol@gmpg.org,20,027 Hagan Terrace,si
59814997,Stoddard,Stoltz,sstoltzom@squidoo.com,13,756 Rutledge Center,si
6833597,Alexine,Kyttor,akyttoron@altervista.org,3,98 Monument Point,si
70614891,Laure,Marages,lmaragesoo@mlb.com,11,938 Granby Way,no
95211534,Nickie,Flanigan,nflaniganop@msn.com,12,5774 Hoffman Pass,no
37785796,Moises,Gabrieli,mgabrielioq@printfriendly.com,11,829 Little Fleur Plaza,no
37491582,Maxy,Krysztofowicz,mkrysztofowiczor@elegantthemes.com,19,76 Cody Drive,no
70119317,Cornelle,McClenan,cmcclenanos@admin.ch,16,5672 Division Trail,no
34256817,Morris,Vosper,mvosperot@jigsy.com,7,1735 Eagan Crossing,si
61569918,Parrnell,Paulou,ppaulouou@rakuten.co.jp,12,1776 Mendota Street,no
82241133,Malory,Monteith,mmonteithov@wikia.com,13,838 Havey Terrace,si
50580098,Collie,Merring,cmerringow@va.gov,8,632 Southridge Plaza,si
61297750,Nickie,Jenkison,njenkisonox@npr.org,2,17966 Chinook Junction,si
33934121,Wallie,Salvin,wsalvinoy@slideshare.net,10,58 Scoville Park,no
50999527,Tandie,Gergely,tgergelyoz@tmall.com,6,9727 Oak Way,si
55655328,Petronille,Longmaid,plongmaidp0@list-manage.com,6,23074 Little Fleur Trail,si
16257912,Nixie,Vossgen,nvossgenp1@geocities.jp,10,42673 Waubesa Point,si
49013060,Huey,Fache,hfachep2@un.org,18,30619 Northport Court,si
88474273,Anthia,Pionter,apionterp3@indiegogo.com,5,0 Melby Circle,no
23273394,Baxter,Frushard,bfrushardp4@timesonline.co.uk,2,28 Susan Lane,si
96453077,Costa,Wallace,cwallacep5@epa.gov,6,6 Fairfield Center,no
44762621,Brandyn,Droogan,bdrooganp6@amazon.co.uk,8,622 Oakridge Avenue,si
67479235,Tommie,Feasby,tfeasbyp7@sciencedaily.com,1,27 Bashford Crossing,si
14841792,Yolanthe,Zannolli,yzannollip8@theatlantic.com,16,2034 Bayside Junction,si
28584285,Christina,Chalfain,cchalfainp9@newyorker.com,10,08 Myrtle Junction,no
21941949,Aldus,Goodlad,agoodladpa@vinaora.com,15,52 Duke Court,no
98302632,Conni,Esbrook,cesbrookpb@discovery.com,14,26731 Texas Avenue,si
66878109,Tabitha,Doick,tdoickpc@livejournal.com,9,14 Hermina Park,si
56485588,Sid,Biasi,sbiasipd@cmu.edu,14,6 Oriole Place,si
61922606,Simonette,Middleweek,smiddleweekpe@wufoo.com,3,02934 Pawling Alley,si
63692356,Danika,Norheny,dnorhenypf@msn.com,8,5 Waxwing Circle,si
71972424,Galen,Hebblewaite,ghebblewaitepg@squarespace.com,13,07797 Becker Plaza,no
77831586,Lari,Florentine,lflorentineph@ftc.gov,17,2600 Schiller Park,si
33787348,Seana,Toffaloni,stoffalonipi@list-manage.com,16,66 Doe Crossing Parkway,si
19923411,Corella,McVeighty,cmcveightypj@va.gov,15,6311 Jana Terrace,si
58632207,Cyrillus,Outhwaite,couthwaitepk@techcrunch.com,14,8 Gale Street,si
72447968,Adena,Killbey,akillbeypl@marriott.com,17,612 Tony Trail,si
52077379,Gerardo,MacGorman,gmacgormanpm@weebly.com,16,118 Vahlen Circle,no
5223501,Karilynn,Borley,kborleypn@youtu.be,5,2 Northland Junction,no
87263206,Ash,Robers,aroberspo@tiny.cc,11,331 Gina Point,no
86564411,Marin,Axon,maxonpp@hp.com,5,86386 Wayridge Hill,no
56131609,Jarrett,Perfili,jperfilipq@technorati.com,14,229 Kipling Junction,no
590594,Imelda,Cella,icellapr@bizjournals.com,6,2 Gina Plaza,no
55531101,Flossy,Ollerenshaw,follerenshawps@parallels.com,11,43237 Meadow Valley Pass,no
44739117,Edgard,Chasier,echasierpt@omniture.com,10,110 Miller Alley,si
23934276,Margarete,Born,mbornpu@cbslocal.com,18,463 Thompson Center,si
80551835,Orella,Arsmith,oarsmithpv@psu.edu,8,07673 Acker Terrace,no
35683283,Dixie,Bellsham,dbellshampw@google.cn,16,44 Killdeer Parkway,si
9353623,Abbe,Kibbey,akibbeypx@cbsnews.com,3,4 Summerview Avenue,si
68466384,Alfonso,Lathwell,alathwellpy@lulu.com,7,77276 Lukken Place,no
4966539,Mayne,Mulryan,mmulryanpz@wufoo.com,15,17001 Lakewood Gardens Park,si
13241334,Winny,MacDonald,wmacdonaldq0@nba.com,5,8356 Clyde Gallagher Lane,si
47252205,Jessa,O'Crevy,jocrevyq1@instagram.com,20,721 Sheridan Road,no
64993657,Eduino,Annies,eanniesq2@newsvine.com,16,8 Transport Trail,si
88151340,Bale,Brabham,bbrabhamq3@businessinsider.com,14,062 Dapin Junction,no
34650403,Dennis,Sweetsur,dsweetsurq4@wordpress.org,2,697 Cottonwood Alley,si
21748018,Fallon,Bischop,fbischopq5@blogs.com,13,153 Browning Way,no
46410289,Stavros,Womack,swomackq6@adobe.com,14,98 Muir Alley,si
22186138,Trudy,Stolberg,tstolbergq7@about.me,8,4377 Cordelia Terrace,si
74804470,Ragnar,Frankland,rfranklandq8@spotify.com,17,0230 Erie Court,si
57325310,Joete,Kilfedder,jkilfedderq9@ftc.gov,15,003 Sachs Junction,no
7420067,Mathilde,Knight,mknightqa@xrea.com,10,340 Pierstorff Plaza,no
21303041,Fionna,Tethacot,ftethacotqb@arstechnica.com,12,14 Waywood Trail,si
6342841,Olympie,Chesnut,ochesnutqc@umn.edu,13,23 Doe Crossing Trail,no
17745575,Judd,Bryer,jbryerqd@state.gov,7,5 Eliot Junction,no
10965730,Flossie,Fossett,ffossettqe@marketwatch.com,3,3134 Waywood Drive,no
97761675,Bird,Cocklin,bcocklinqf@washington.edu,5,63 Carpenter Drive,si
44076298,Yolane,Hicken,yhickenqg@sfgate.com,12,4138 Dovetail Court,no
34908457,Fax,Bortolini,fbortoliniqh@home.pl,3,0114 Havey Point,si
42928965,Annis,Birchill,abirchillqi@businessweek.com,2,637 Lindbergh Lane,no
65790517,Frans,Vedenisov,fvedenisovqj@oaic.gov.au,6,96 Cherokee Drive,si
99771787,Luella,Macon,lmaconqk@zimbio.com,2,78 Onsgard Circle,no
88545408,Miranda,Mackstead,mmacksteadql@posterous.com,7,55550 Tennyson Trail,no
94986252,Petronia,Treby,ptrebyqm@liveinternet.ru,5,09 Old Shore Place,si
47830731,Rosina,McCree,rmccreeqn@buzzfeed.com,14,5520 Moulton Circle,no
88008514,Randolph,Paddon,rpaddonqo@cafepress.com,3,35858 Coolidge Road,no
89104582,Gardner,Woolf,gwoolfqp@phpbb.com,4,623 Red Cloud Lane,si
20097071,Jude,Santi,jsantiqq@diigo.com,8,658 Monica Way,no
21976091,Algernon,Goskar,agoskarqr@msu.edu,1,56046 Acker Lane,no
86057951,Valentine,Luke,vlukeqs@buzzfeed.com,11,7 7th Drive,no
35141286,Connie,Doiley,cdoileyqt@smugmug.com,7,85647 Barnett Drive,no
17259882,Ramon,Desquesnes,rdesquesnesqu@homestead.com,5,3 Forest Dale Avenue,no
14018934,Jobie,Weatherhogg,jweatherhoggqv@surveymonkey.com,7,600 Coolidge Circle,no
30185075,Odell,Cush,ocushqw@webs.com,8,64 Anhalt Alley,no
40588107,Nikoletta,O'Hartnett,nohartnettqx@discuz.net,12,66127 Southridge Plaza,si
42831929,Fidelio,Ricardou,fricardouqy@google.ru,15,2 Mesta Road,no
56063526,Emmett,Poyle,epoyleqz@com.com,16,6496 Starling Alley,si
74326802,Mordecai,Pauluzzi,mpauluzzir0@discovery.com,20,64 Homewood Lane,no
11632591,Blakelee,Breslane,bbreslaner1@so-net.ne.jp,3,3105 Charing Cross Junction,no
4166394,Gwendolen,Gemson,ggemsonr2@vinaora.com,3,4097 Emmet Park,si
75456176,Johannah,Helliker,jhellikerr3@tumblr.com,14,67 Westridge Plaza,si
18655459,Phaidra,Carless,pcarlessr4@mayoclinic.com,1,3 Towne Avenue,no
57466039,Sheelagh,Tixall,stixallr5@accuweather.com,6,3 Mariners Cove Road,no
46459036,Perrine,Chastelain,pchastelainr6@icq.com,18,79 Forster Road,si
54929160,Luke,Phateplace,lphateplacer7@ycombinator.com,2,9054 Melrose Center,si
64323915,Ralph,Raatz,rraatzr8@youku.com,5,38129 Pine View Alley,si
95550035,Jocelyne,Gunston,jgunstonr9@disqus.com,18,92 Nobel Street,si
49194924,Gar,Rowes,growesra@purevolume.com,20,38302 Blaine Circle,si
12216057,Doralin,Abrahamoff,dabrahamoffrb@ameblo.jp,4,1669 Melody Terrace,si
56316224,Darryl,Sich,dsichrc@elegantthemes.com,18,2628 Little Fleur Plaza,si
45470930,Vaughn,Hannis,vhannisrd@google.de,20,26238 3rd Court,no
41376616,Skelly,Eddolls,seddollsre@bravesites.com,10,95 Mendota Junction,si
21408886,Joy,Carlet,jcarletrf@fda.gov,11,8 Delladonna Lane,si
39631797,Pall,Olufsen,polufsenrg@wufoo.com,13,60 Fuller Center,si
69549693,Jermayne,Cauley,jcauleyrh@networksolutions.com,4,46 Thierer Road,no
90681631,Roosevelt,Tubridy,rtubridyri@qq.com,1,4478 Lake View Crossing,no
61919643,Debbi,Steven,dstevenrj@github.com,12,7 Coleman Circle,si
92824604,Hoebart,Sifleet,hsifleetrk@quantcast.com,15,66831 Pleasure Road,no
55583292,Berget,Dorrance,bdorrancerl@360.cn,8,79 Chive Street,no
87189455,Thom,Santry,tsantryrm@so-net.ne.jp,16,3 Ohio Trail,no
15710681,Loree,Makeswell,lmakeswellrn@skyrock.com,11,1 Holmberg Plaza,si
43517856,Mendel,Giaomozzo,mgiaomozzoro@dyndns.org,9,0039 Union Park,no
84077776,Elwin,Boshers,eboshersrp@blog.com,17,73956 Rutledge Avenue,si
17940217,Bidget,Pinchback,bpinchbackrq@addtoany.com,13,5 Cottonwood Plaza,si
55359659,Shermy,Valentin,svalentinrr@gmpg.org,18,440 Superior Place,si
